,Member,Party,District,Congress,Resignation Date,Reason,Source,State,Year
0,Pat Tiberi,R,OH-12,115th,2018-01-15,Took a job with the Ohio Business Roundtable,New York Times,OH,2018
1,Al Franken,D,MN-SEN,115th,2018-01-02,Sexual harassment/groping/unwanted kissing,Minneapolis Star Tribune,MN,2018
2,Trent Franks,R,AZ-08,115th,2017-12-08,Sexual harassment/surrogacy pressure,CNN,AZ,2017
3,John Conyers,D,MI-13,115th,2017-12-05,Sexual harassment/inappropriate touching,Washington Post,MI,2017
4,Tim Murphy,R,PA-18,115th,2017-10-21,Extramarital affair/abortion hypocrisy,POLITICO,PA,2017
5,Jason Chaffetz,R,UT-03,115th,2017-06-30,Took a job with FOX News,POLITICO,UT,2017
6,Ryan Zinke,R,MT-AL,115th,2017-03-01,Appointed to Trump administration,Bozeman Daily Chronicle,MT,2017
7,Mick Mulvaney,R,SC-05,115th,2017-02-16,Appointed to Trump administration,Associated Press,SC,2017
8,Tom Price,R,GA-06,115th,2017-02-10,Appointed to Trump administration,GeorgiaPol,GA,2017
9,Jeff Sessions,R,AL-SEN,115th,2017-02-08,Appointed to Trump administration,Washington Examiner,AL,2017
10,Xavier Becerra,D,CA-34,115th,2017-01-24,Appointed California attorney general,Los Angeles Times,CA,2017
11,Mike Pompeo,R,KS-04,115th,2017-01-23,Appointed to Trump administration,NBC News,KS,2017
12,Candice Miller,R,MI-10,114th,2016-12-31,Elected Macomb County public works commish,Detroit News,MI,2016
13,Janice Hahn,D,CA-44,114th,2016-12-04,Elected to LA County Board of Supervisors,Los Angeles Times,CA,2016
14,Ed Whitfield,R,KY-01,114th,2016-09-06,Ethics investigation,Kentucky Center for Investigative Reporting,KY,2016
15,Chaka Fattah,D,PA-02,114th,2016-06-23,Corruption conviction,POLITICO,PA,2016
16,John Boehner,R,OH-08,114th,2015-10-31,Sick of fighting the Tea Party,New York Times,OH,2015
17,Aaron Schock,R,IL-18,114th,2015-03-31,Personal spending of government funds,POLITICO,IL,2015
18,Michael Grimm,R,NY-11,114th,2015-01-05,Tax evasion,CNN,NY,2015
19,Tom Coburn,R,OK-SEN,113th,2015-01-03,"Self-imposed term limits/""shifting my focus elsewhere""",The Oklahoman,OK,2015
20,Eric Cantor,R,VA-07,113th,2014-08-18,Embarrassingly lost primary & majority leadership,USA Today,VA,2014
21,Rob Andrews,D,NJ-01,113th,2014-02-18,Ethics investigation; took a job as a lobbyist,Philadelphia Inquirer,NJ,2014
22,Max Baucus,D,MT-SEN,113th,2014-02-06,Appointed to Obama administration,The Missoulian,MT,2014
23,Trey Radel,R,FL-19,113th,2014-01-27,Cocaine possession,USA Today,FL,2014
24,Mel Watt,D,NC-12,113th,2014-01-06,Appointed to Obama administration,Camel City Dispatch,NC,2014
25,Rodney Alexander,R,LA-05,113th,2013-09-27,Appointed Louisiana VA secretary,Roll Call,LA,2013
26,Jo Bonner,R,AL-01,113th,2013-08-02,Took a job with University of Alabama,Roll Call,AL,2013
27,Ed Markey,D,MA-05,113th,2013-07-15,Elected U.S. senator,Boston Globe,MA,2013
28,John Kerry,D,MA-SEN,113th,2013-02-01,Appointed to Obama administration,Boston Globe,MA,2013
29,Jo Ann Emerson,R,MO-08,113th,2013-01-22,Took a job with National Rural Electric Cooperative Association,Washington Post,MO,2013
30,Tim Scott,R,SC-01,112th,2013-01-02,Appointed U.S. senator,U.S. House of Representatives,SC,2013
31,Jim DeMint,R,SC-SEN,112th,2013-01-01,Took a job with the Heritage Foundation,Washington Post,SC,2013
32,Bob Filner,D,CA-51,112th,2012-12-03,Elected San Diego mayor,USA Today,CA,2012
33,Jesse Jackson Jr.,D,IL-02,112th,2012-11-21,Bipolar disorder; under criminal investigation,New York Times,IL,2012
34,Dennis Cardoza,D,CA-18,112th,2012-08-15,"""Parenting challenges""; took a job with a law firm",POLITICO,CA,2012
35,Geoff Davis,R,KY-04,112th,2012-07-31,"""Family health issue""",POLITICO,KY,2012
36,Thad McCotter,R,MI-11,112th,2012-07-06,Bungled presidential campaign led to family concerns,Washington Post,MI,2012
37,Jay Inslee,D,WA-01,112th,2012-03-20,To focus on his run for governor,Roll Call,WA,2012
38,Gabby Giffords,D,AZ-08,112th,2012-01-25,Recovery from gunshot injury,CNN,AZ,2012
39,David Wu,D,OR-01,112th,2011-08-03,Sexual harassment/sex with teenage girl,The Oregonian,OR,2011
40,Anthony Weiner,D,NY-09,112th,2011-06-21,Extramarital affair/sexting,New York Times,NY,2011
41,Dean Heller,R,NV-02,112th,2011-05-09,Appointed U.S. senator,Las Vegas Sun,NV,2011
42,John Ensign,R,NV-SEN,112th,2011-05-03,Ethics investigation into extramarital affair,Washington Post,NV,2011
43,Jane Harman,D,CA-36,112th,2011-02-28,Took a job with the Woodrow Wilson Center,Wilson Center,CA,2011
44,Chris Lee,R,NY-26,112th,2011-02-09,Extramarital affair/shirtless photo,ABC News,NY,2011
45,Mark Kirk,R,IL-10,111th,2010-11-29,Elected U.S. senator,Associated Press,IL,2010
46,Mark Souder,R,IN-03,111th,2010-05-21,Extramarital affair,Washington Post,IN,2010
47,Nathan Deal,R,GA-09,111th,2010-03-21,To focus on his run for governor; ethics investigation,CREW,GA,2010
48,Eric Massa,D,NY-29,111th,2010-03-08,Sexual harassment/groping (same-sex),The Week,NY,2010
49,Neil Abercrombie,D,HI-01,111th,2010-02-28,To focus on his run for governor,NPR,HI,2010
50,Robert Wexler,D,FL-19,111th,2010-01-03,Took a job with Middle East think tank,Lexology,FL,2010
51,John McHugh,R,NY-23,111th,2009-09-21,Appointed to Obama administration,New York Times,NY,2009
52,Mel Martinez,R, FL-SEN,111th,2009-09-09,"""To move on,"" spend time with family; later joined lobbying firm",New York Times, F,2009
53,Ellen Tauscher,D,CA-10,111th,2009-06-26,Appointed to Obama administration,KNTV,CA,2009
54,Hilda Solis,D,CA-32,111th,2009-02-24,Appointed to Obama administration,Associated Press,CA,2009
55,Kirsten Gillibrand,D,NY-20,111th,2009-01-26,Appointed U.S. senator,New York Daily News,NY,2009
56,Hillary Clinton,D,NY-SEN,111th,2009-01-21,Appointed to Obama administration,CNN,NY,2009
57,Ken Salazar,D,CO-SEN,111th,2009-01-20,Appointed to Obama administration,Denver Post,CO,2009
58,Joe Biden,D,DE-SEN,111th,2009-01-15,Elected vice president,CNN,DE,2009
59,Rahm Emanuel,D,IL-05,110th,2009-01-02,Appointed to Obama administration,CNN,IL,2009
60,Tom Davis,R,VA-11,110th,2008-11-24,Took a job with Deloitte,Washington Post,VA,2008
61,Barack Obama,D,IL-SEN,110th,2008-11-16,Elected president,CNN,IL,2008
62,Albert Wynn,D,MD-04,110th,2008-05-31,Took a job with a law firm after losing primary,Washington Post,MD,2008
63,Richard Baker,R,LA-06,110th,2008-02-02,Took a job with the Managed Funds Association,New Orleans Times-Picayune,LA,2008
64,Bobby Jindal,R,LA-01,110th,2008-01-14,Elected Louisiana governor,Reuters,LA,2008
65,Roger Wicker,R,MS-01,110th,2007-12-31,Appointed U.S. senator,The Guardian,MS,2007
66,Trent Lott,R,MS-SEN,110th,2007-12-18,"""Time left to do something else""; founded a lobbying firm",New York Times,MS,2007
67,Dennis Hastert,R,IL-14,110th,2007-11-26,"No reason given, but had lost the speaker's gavel",FOX News,IL,2007
68,Marty Meehan,D,MA-05,110th,2007-07-01,Took a job with University of Massachusetts,Associated Press,MA,2007
69,Bob Ney,R,OH-18,109th,2006-11-03,Pleaded guilty to Abramoff influence-peddling scandal,Associated Press,OH,2006
70,Mark Foley,R,FL-16,109th,2006-09-29,Sexting with underage pages (same-sex),Washington Post,FL,2006
71,Tom DeLay,R,TX-22,109th,2006-06-09,Campaign finance laundering & Abramoff scandal involvement,New York Times,TX,2006
72,Jon Corzine,D,NJ-SEN,109th,2006-01-17,Elected New Jersey governor,U.S. Congress,NJ,2006
73,Bob Menendez,D,NJ-13,109th,2006-01-16,Appointed U.S. senator,New York Times,NJ,2006
74,Duke Cunningham,R,CA-50,109th,2005-12-01,Bribery and tax evasion,San Diego Union-Tribune,CA,2005
75,Christopher Cox,R,CA-48,109th,2005-08-02,Appointed to Bush administration,Securities & Exchange Commission,CA,2005
76,Rob Portman,R,OH-02,109th,2005-04-29,Appointed to Bush administration,New York Times,OH,2005
77,Porter Goss,R,FL-14,108th,2004-09-23,Appointed to Bush administration,CQ Almanac,FL,2004
78,Doug Bereuter,R,NE-01,108th,2004-08-31,Took a job with the Asia Foundation,CQ Almanac,NE,2004
79,Frank Ballance,D,NC-01,108th,2004-06-11,Ill health; fraud and money laundering,Associated Press,NC,2004
80,Bill Janklow,R,SD-AL,108th,2004-01-20,Convicted of manslaughter for a fatal car accident,Minnesota Public Radio,SD,2004
81,Ernie Fletcher,R,KY-06,108th,2003-12-08,Elected Kentucky governor,Fletcher/Pence Inaugural,KY,2003
82,Larry Combest,R,TX-19,108th,2003-05-31,"Wife lost DC-area job, wanted to spend more time with her",Plainview Daily Herald,TX,2003
83,Frank Murkowski,R,AK-SEN,107th,2002-12-02,Elected Alaska governor,U.S. Congress,AK,2002
84,Tony Hall,D,OH-03,107th,2002-09-09,Appointed to Bush administration,New York Times,OH,2002
85,James Traficant,D,OH-17,107th,2002-07-24,"Convicted of bribery, tax evasion, and racketeering",CNN,OH,2002
86,Steve Largent,R,OK-01,107th,2002-02-15,To focus on his run for governor,The Oklahoman,OK,2002
87,Joe Scarborough,R,FL-01,107th,2001-09-05,To spend more time with his sons,Northwest Florida Daily News,FL,2001
88,Asa Hutchinson,R,AR-03,107th,2001-08-06,Appointed to Bush administration,Log Cabin Democrat,AR,2001
89,Bud Shuster,R,PA-09,107th,2001-02-05,"Ethics rebuke; ""health scares""",ABC News,PA,2001
90,Bob Livingston,R,LA-01,106th,1999-03-01,Extramarital affairs,New York Times,LA,1999
91,Newt Gingrich,R,GA-06,106th,1999-01-03,Faced caucus revolt after disappointing midterm,New York Times,GA,1999
92,Ron Dellums,D,CA-09,105th,1998-02-06,"""To do other things""; ended up consulting for healthcare company",Washington Post,CA,1998
93,Floyd Flake,D,NY-06,105th,1997-11-17,To focus on his job as church pastor,New York Times,NY,1997
94,Thomas Foglietta,D,PA-01,105th,1997-11-11,Appointed to Clinton administration,Associated Press,PA,1997
95,Susan Molinari,R,NY-13,105th,1997-08-02,Took a job with CBS,CNN,NY,1997
96,Bill Richardson,D,NM-03,105th,1997-02-13,Appointed to Clinton administration,San Francisco Chronicle,NM,1997
97,Ray Thornton,D,AR-02,104th,1997-01-01,Elected Arkansas Supreme Court justice,U.S. Congress,AR,1997
98,Sam Brownback,R,KS-02,104th,1996-11-07,Elected U.S. senator,U.S. House of Representatives,KS,1996
99,Charlie Wilson,D,TX-02,104th,1996-10-08,Probably to start clock on lobbyist waiting period,Longview News-Journal,TX,1996
100,Bob Dole,R,KS-SEN,104th,1996-06-11,To focus on his run for president,U.S. Congress,KS,1996
101,Kweisi Mfume,D,MD-07,104th,1996-02-18,Took a job with the NAACP,Washington Post,MD,1996
102,Ron Wyden,D,OR-03,104th,1996-02-05,Elected U.S. senator,U.S. Congress,OR,1996
103,Walter Tucker III,D,CA-37,104th,1995-12-15,Convicted of extortion and tax evasion,New York Times,CA,1995
104,Norman Mineta,D,CA-15,104th,1995-10-10,Took a job with Lockheed Martin,Los Angeles Times,CA,1995
105,Mel Reynolds,D,IL-02,104th,1995-10-01,Convicted of sex with 16-year-old girl,New York Times,IL,1995
106,Bob Packwood,R,OR-SEN,104th,1995-10-01,Sexual harassment/assault,NPR,OR,1995
107,David Boren,D,OK-SEN,103rd,1994-11-15,Took a job with University of Oklahoma,Los Angeles Times,OK,1994
108,Jim Inhofe,R,OK-01,103rd,1994-11-15,Elected U.S. senator,U.S. Congress,OK,1994
109,Glenn English,D,OK-06,103rd,1994-01-07,Took a job with National Rural Electric Cooperative Association,UPI,OK,1994
110,Bill Gradison,R,OH-02,103rd,1993-01-31,Took a job with Health Insurance Association of America,Science Corruption,OH,1993
111,Mike Espy,D,MS-02,103rd,1993-01-22,Appointed to Clinton administration,Washington Post,MS,1993
112,Leon Panetta,D,CA-17,103rd,1993-01-21,Appointed to Clinton administration,Washington Post,CA,1993
113,Lloyd Bentsen,D,TX-SEN,103rd,1993-01-20,Appointed to Clinton administration,New York Times,TX,1993
114,Les Aspin,D,WI-01,103rd,1993-01-20,Appointed to Clinton administration,U.S. Congress,WI,1993
115,Al Gore Jr.,D,TN-SEN,102nd,1993-01-02,Elected vice president,CQ Almanac,TN,1993
116,Jocelyn Burdick,D,ND-SEN,102nd,1992-12-14,Appointment was expiring; resigned to let successor start early,New York Observer,ND,1992
117,Kent Conrad,D,ND-SEN,102nd,1992-12-14,Elected to North Dakota's other U.S. Senate seat,U.S. Senate,ND,1992
118,French Slaughter,R,VA-07,102nd,1991-11-04,Series of strokes,Washington Post,VA,1991
119,William Gray III,D,PA-02,102nd,1991-09-11,Took a job with United Negro College Fund,Los Angeles Times,PA,1991
120,Mo Udall,D,AZ-02,102nd,1991-05-04,Parkinson's disease,Baltimore Sun,AZ,1991
121,Steve Bartlett,R,TX-03,102nd,1991-03-11,To focus on his run for Dallas mayor,D Magazine,TX,1991
122,Ed Madigan,R,IL-15,102nd,1991-03-08,Appointed to Bush administration,U.S. Congress,IL,1991
123,Pete Wilson,R,CA-SEN,102nd,1991-01-07,Elected California governor,U.S. Congress,CA,1991
124,Bob Smith,R,NH-01,101st,1990-12-07,Appointed U.S. senator,U.S. Congress,NH,1990
125,Gordon Humphrey,R,NH-SEN,101st,1990-12-04,Elected New Hampshire state senator,UPI,NH,1990
126,Daniel Akaka,D,HI-02,101st,1990-05-16,Appointed U.S. senator,U.S. Congress,HI,1990
127,Jim Florio,D,NJ-01,101st,1990-01-16,Elected New Jersey governor,U.S. House of Representatives,NJ,1990
128,Robert Garcia,D,NY-18,101st,1990-01-07,Convicted of extortion,New York Times,NY,1990
129,Guy Molinari,R,NY-14,101st,1989-12-31,Elected Staten Island borough president,U.S. House of Representatives,NY,1989
130,Jim Wright,D,TX-12,101st,1989-06-30,Ethics investigation into personal financial gain,Washington Post,TX,1989
131,Tony Coelho,D,CA-15,101st,1989-06-15,Personal finances under investigation,New York Times,CA,1989
132,Dick Cheney,R,WY-AL,101st,1989-03-17,Appointed to Bush administration,U.S. Congress,WY,1989
133,Dan Quayle,R,IN-SEN,101st,1989-01-03,Elected vice president,U.S. Congress,IN,1989
134,Dan Coats,R,IN-04,101st,1989-01-03,Appointed U.S. senator,U.S. Congress,IN,1989
135,Mario Biaggi,D,NY-19,100th,1988-08-08,Convicted twice of corruption,New York Times,NY,1988
136,Buddy Roemer,D,LA-04,100th,1988-03-14,Elected Louisiana governor,New York Times,LA,1988
137,Bill Boner,D,TN-05,100th,1987-10-05,Elected Nashville mayor,U.S. House of Representatives,TN,1987
138,Charles Whitley,D,NC-03,99th,1986-12-31,"Was retiring & left early, probably to take a job with the Tobacco Institute",Science Corruption,NC,1986
139,Jim Broyhill,R,NC-10,99th,1986-07-13,Appointed U.S. senator,U.S. Congress,NC,1986
140,Cecil Heftel,D,HI-01,99th,1986-07-11,To focus on his run for governor,UPI,HI,1986
141,Sam Hall,D,TX-01,99th,1985-05-27,Appointed federal judge,UPI,TX,1985
142,Paul Tsongas,D,MA-SEN,98th,1985-01-02,Retired due to ill health; resigned early to give successor seniority,WBUR,MA,1985
143,Tom Corcoran,R,IL-14,98th,1984-11-28,Recess-appointed to Synthetic Fuels Corporation board,Nexis search,IL,1984
144,Harold Washington,D,IL-01,98th,1983-04-30,Elected Chicago mayor,U.S. House of Representatives,IL,1983
145,Phil Gramm,D,TX-06,98th,1983-01-05,Dem Party ostracized him; resigned to seek seat as Republican,New York Times,TX,1983
146,Nicholas Brady,R,NJ-SEN,97th,1982-12-26,Appointment was expiring; resigned to let successor start early,New York Times,NJ,1982
147,Fred Richmond,D,NY-14,97th,1982-08-25,"Tax evasion, drug possession, campaign-finance irregularities",UPI,NY,1982
148,George Danielson,D,CA-30,97th,1982-03-09,Appointed California appellate judge,U.S. House of Representatives,CA,1982
149,Raymond Lederer,D,PA-03,97th,1981-04-29,Bribery and conspiracy in Abscam scandal,Associated Press,PA,1981
150,Jon Hinson,R,MS-04,97th,1981-04-13,Extramarital affair (same-sex),Zimbio,MS,1981
151,Pete Williams,D,NJ-SEN,97th,1981-03-11,Bribery and conspiracy in Abscam scandal,New York Times,NJ,1981
152,Gladys Spellman,D,MD-05,97th,1981-02-24,Brain-dead after heart attack,New York Times,MD,1981
153,David Stockman,R,MI-04,97th,1981-01-27,Appointed to Reagan administration,The Atlantic,MI,1981
154,Donald Stewart,D,AL-SEN,96th,1981-01-01,Lost reelection bid; resigned to let successor start early,UPI,AL,1981
155,Dick Stone,D,FL-SEN,96th,1980-12-31,Lost reelection bid; resigned to let successor start early,U.S. Congress,FL,1980
156,John Durkin,D,NH-SEN,96th,1980-12-29,Lost reelection bid; resigned to let successor start early,New Hampshire Union Leader,NH,1980
157,Frank Thompson,D,NJ-04,96th,1980-12-29,Bribery and conspiracy in Abscam scandal,New York Times,NJ,1980
158,John Jenrette,D,SC-06,96th,1980-12-10,Bribery and conspiracy in Abscam scandal,UPI,SC,1980
159,Michael Myers,D,PA-01,96th,1980-10-02,Bribery in Abscam scandal,UPI,PA,1980
160,Charles Diggs Jr.,D,MI-13,96th,1980-06-03,Censured for mail fraud and kickbacks from staff,U.S. House of Representatives,MI,1980
161,Ed Muskie,D,ME-SEN,96th,1980-05-07,Appointed to Carter administration,GovTrack,ME,1980
162,Dave Treen,R,LA-03,96th,1980-03-10,Elected Louisiana governor,U.S. House of Representatives,LA,1980
163,Dan Flood,D,PA-11,96th,1980-01-31,Bribery and conspiracy,UPI,PA,1980
164,Abner Mikva,D,IL-10,96th,1979-09-26,Appointed federal judge,U.S. House of Representatives,IL,1979
165,William Scott,R,VA-SEN,95th,1979-01-01,Retired; resigned early to give successor seniority,Washington Post,VA,1979
166,John Moss,D,CA-03,95th,1978-12-31,Retired; probably resigned early to receive higher pension?,Los Angeles Times,CA,1978
167,John McFall,D,CA-14,95th,1978-12-31,Lost reelection; might've left early to receive higher pension or lobby,Washington Post,CA,1978
168,Del Clawson,R,CA-33,95th,1978-12-31,Retired; probably resigned early to receive higher pension?,Washington Post,CA,1978
169,Joe Skubitz,R,KS-05,95th,1978-12-31,Retired; resigned early to give successor seniority,Salina Journal,KS,1978
170,Al Cederberg,R,MI-10,95th,1978-12-31,Lost reelection; probably resigned early to receive higher pension?,U.S. House of Representatives,MI,1978
171,James Delaney,D,NY-09,95th,1978-12-31,Retired; probably resigned early to receive higher pension?,U.S. House of Representatives,NY,1978
172,Olin Teague,D,TX-06,95th,1978-12-31,Retired; probably resigned early to receive higher pension?,U.S. House of Representatives,TX,1978
173,Bob Poage,D,TX-11,95th,1978-12-31,Retired; probably resigned early to receive higher pension?,U.S. House of Representatives,TX,1978
174,Omar Burleson,D,TX-17,95th,1978-12-31,Retired; probably resigned early to receive higher pension?,U.S. House of Representatives,TX,1978
175,Clifford Hansen,R,WY-SEN,95th,1978-12-31,Retired; resigned early to give successor seniority,Associated Press,WY,1978
176,Teno Roncalio,D,WY-AL,95th,1978-12-30,Retired; probably resigned early to receive higher pension?,U.S. House of Representatives,WY,1978
177,Wendell Anderson,D,MN-SEN,95th,1978-12-29,Lost reelection bid; resigned to let successor start early,U.S. Congress,MN,1978
178,James Eastland,D,MS-SEN,95th,1978-12-27,Retired; resigned early to give successor seniority,U.S. Senate,MS,1978
179,Thad Cochran,R,MS-04,95th,1978-12-26,Appointed U.S. senator,U.S. Congress,MS,1978
180,James Pearson,R,KS-SEN,95th,1978-12-23,Retired; resigned early to give successor seniority,Lawrence Journal-World,KS,1978
181,Paul Hatfield,D,MT-SEN,95th,1978-12-14,Appointment was expiring; resigned to let successor start early,U.S. Congress,MT,1978
182,Max Baucus,D,MT-01,95th,1978-12-14,Appointed U.S. senator,U.S. Congress,MT,1978
183,Joseph LeFante,D,NJ-14,95th,1978-12-14,Dem machine boss told him to,Washington Post,NJ,1978
184,Maryon Allen,D,AL-SEN,95th,1978-11-07,Appointment was expiring; resigned to let successor start early,U.S. Congress,AL,1978
185,Muriel Humphrey,D,MN-SEN,95th,1978-11-07,Appointment was expiring; resigned to let successor start early,U.S. Congress,MN,1978
186,Ed Koch,D,NY-18,95th,1977-12-31,Elected New York City mayor,New York Times,NY,1977
187,Herman Badillo,D,NY-21,95th,1977-12-31,Appointed New York City deputy mayor,U.S. House of Representatives,NY,1977
188,Richard Tonry,D,LA-01,95th,1977-05-04,Federal inquiry into voter fraud & illegal campaign contributions,Roll Call,LA,1977
189,Andrew Young,D,GA-05,95th,1977-01-29,Appointed to Carter administration,Georgia Encyclopedia,GA,1977
190,Bob Bergland,D,MN-07,95th,1977-01-22,Appointed to Carter administration,New York Times,MN,1977
191,Brock Adams,D,WA-07,95th,1977-01-22,Appointed to Carter administration,Washington Post,WA,1977
192,John Tunney,D,CA-SEN,94th,1977-01-01,Lost reelection bid; resigned to let successor start early,UPI,CA,1977
193,Don Riegle Jr.,D,MI-07,94th,1976-12-30,Appointed U.S. senator,U.S. Congress,MI,1976
194,Walter Mondale,D,MN-SEN,94th,1976-12-30,Elected vice president,U.S. Congress,MN,1976
195,Robert Taft Jr.,R,OH-SEN,94th,1976-12-28,Lost reelection bid; resigned to let successor start early,Coshocton Tribune,OH,1976
196,John Pastore,D,RI-SEN,94th,1976-12-28,Retired; resigned early to give successor seniority,Arizona Republic,RI,1976
197,Stuart Symington,D,MO-SEN,94th,1976-12-27,Retired; resigned early to give successor seniority,Jefferson City Post-Tribune,MO,1976
198,Roman Hruska,R,NE-SEN,94th,1976-12-27,Retired; resigned early to give successor seniority,Lincoln Star,NE,1976
199,Wayne Hays,D,OH-18,94th,1976-09-01,Extramarital affair/paying his mistress a salary,New York Times,OH,1976
200,Bob Casey,D,TX-22,94th,1976-01-22,Appointed to Ford administration,U.S. Congress,TX,1976
201,James Hastings,R,NY-39,94th,1976-01-20,Took a job with Associated Industries of New York,Milwaukee Journal,NY,1976
202,Norris Cotton,R,NH-SEN,94th,1975-09-18,To yield to the winner of the controversial NH-SEN re-vote,U.S. Congress,NH,1975
203,Richard Fulton,D,TN-05,94th,1975-08-14,Elected Nashville mayor,U.S. Congress,TN,1975
204,J. William Fulbright,D,AR-SEN,93rd,1974-12-31,Lost reelection bid; quit to go on vacation & receive higher pension,New York Times,AR,1974
205,Charles Gubser,R,CA-10,93rd,1974-12-31,Retired; probably resigned early to receive higher pension?,U.S. Congress,CA,1974
206,Chet Holifield,D,CA-19,93rd,1974-12-31,Retired; probably resigned early to receive higher pension?,U.S. Congress,CA,1974
207,Craig Hosmer,R,CA-32,93rd,1974-12-31,Retired; probably resigned early to receive higher pension?,U.S. Congress,CA,1974
208,Richard Hanna,D,CA-34,93rd,1974-12-31,Retired; probably resigned early to receive higher pension?,Los Angeles Times,CA,1974
209,Ed Gurney,R,FL-SEN,93rd,1974-12-31,"Retired; might've left early for pension, seniority, or indictment",Orlando Sentinel,FL,1974
210,Leslie Arends,R,IL-15,93rd,1974-12-31,Retired; probably resigned early to receive higher pension?,U.S. Congress,IL,1974
211,Ken Gray,D,IL-24,93rd,1974-12-31,Retired; probably resigned early to receive higher pension?,U.S. Congress,IL,1974
212,Frank Stubblefield,D,KY-01,93rd,1974-12-31,Lost reelection; probably resigned early to receive higher pension?,U.S. Congress,KY,1974
213,Harold Donohue,D,MA-03,93rd,1974-12-31,Retired; probably resigned early to receive higher pension?,U.S. Congress,MA,1974
214,Charles Chamberlain,R,MI-06,93rd,1974-12-31,Retired; probably resigned early to receive higher pension?,U.S. Congress,MI,1974
215,Martha Griffiths,D,MI-17,93rd,1974-12-31,Retired; probably resigned early to receive higher pension?,U.S. Congress,MI,1974
216,Ancher Nelsen,R,MN-02,93rd,1974-12-31,Retired; probably resigned early to receive higher pension?,U.S. Congress,MN,1974
217,John Blatnik,D,MN-08,93rd,1974-12-31,Retired; probably resigned early to receive higher pension?,U.S. Congress,MN,1974
218,David Martin,R,NE-03,93rd,1974-12-31,Retired; probably resigned early to receive higher pension?,U.S. Congress,NE,1974
219,Norris Cotton,R,NH-SEN,93rd,1974-12-31,Retired; might've left early for pension or to force R appointment in controversial NH-SEN,U.S. Senate,NH,1974
220,Louis Wyman,R,NH-01,93rd,1974-12-31,Appointed U.S. senator,U.S. Congress,NH,1974
221,William Widnall,R,NJ-07,93rd,1974-12-31,Lost reelection; probably resigned early to receive higher pension?,U.S. Congress,NJ,1974
222,John Rooney,D,NY-14,93rd,1974-12-31,Retired; probably resigned early to receive higher pension?,U.S. Congress,NY,1974
223,Hugh Carey,D,NY-15,93rd,1974-12-31,Elected New York governor,U.S. Congress,NY,1974
224,Carleton King,R,NY-29,93rd,1974-12-31,Lost reelection; probably resigned early to receive higher pension?,U.S. Congress,NY,1974
225,Thaddeus Dulski,D,NY-37,93rd,1974-12-31,Retired; probably resigned early to receive higher pension?,U.S. Congress,NY,1974
226,Sam Ervin,D,NC-SEN,93rd,1974-12-31,Retired; resigned early to receive higher pension,Burlington Daily Times-News,NC,1974
227,William Minshall,R,OH-23,93rd,1974-12-31,Retired; probably resigned early to receive higher pension?,U.S. Congress,OH,1974
228,Edith Green,D,OR-03,93rd,1974-12-31,Retired; probably resigned early to receive higher pension?,U.S. Congress,OR,1974
229,Frank Clark,D,PA-25,93rd,1974-12-31,Lost reelection; probably resigned early to receive higher pension?,U.S. Congress,PA,1974
230,W.J. Bryan Dorn,D,SC-03,93rd,1974-12-31,Retired; probably resigned early to receive higher pension?,U.S. Congress,SC,1974
231,Tom Gettys,D,SC-05,93rd,1974-12-31,Retired; probably resigned early to receive higher pension?,U.S. Congress,SC,1974
232,O.C. Fisher,D,TX-21,93rd,1974-12-31,Retired; probably resigned early to receive higher pension?,U.S. Congress,TX,1974
233,Joel Broyhill,R,VA-10,93rd,1974-12-31,Lost reelection; probably resigned early to receive higher pension?,U.S. Congress,VA,1974
234,Julia Butler Hansen,D,WA-03,93rd,1974-12-31,Retired; probably resigned early to receive higher pension?,U.S. Congress,WA,1974
235,Vernon Thomson,R,WI-03,93rd,1974-12-31,Lost reelection; probably resigned early to receive higher pension?,U.S. Congress,WI,1974
236,Glenn Davis,R,WI-09,93rd,1974-12-31,Lost reelection; probably resigned early to receive higher pension?,U.S. Congress,WI,1974
237,Marlow Cook,R,KY-SEN,93rd,1974-12-27,Lost reelection bid; resigned to let successor start early,"""Kentucky's Governors""",KY,1974
238,Howard Metzenbaum,D,OH-SEN,93rd,1974-12-23,Appointment was expiring; resigned to let successor start early,Logan Daily News,OH,1974
239,Wallace Bennett,R,UT-SEN,93rd,1974-12-20,Retired; resigned early to give successor seniority,New York Times,UT,1974
240,Alan Bible,D,NV-SEN,93rd,1974-12-17,Retired; resigned early to give successor seniority,Las Vegas Review-Journal,NV,1974
241,Bill Mailliard,R,CA-06,93rd,1974-03-05,Appointed to Nixon administration,New York Times,CA,1974
242,James Harvey,R,MI-08,93rd,1974-01-31,Appointed federal judge,Ballotpedia,MI,1974
243,Bill Saxbe,R,OH-SEN,93rd,1974-01-03,Appointed to Nixon administration,American Presidency Project,OH,1974
244,William Keating,R,OH-01,93rd,1974-01-03,Took a job with Cincinnati Enquirer,Toledo Blade,OH,1974
245,Gerald Ford,R,MI-05,93rd,1973-12-06,Appointed vice president,U.S. Congress,MI,1973
246,Elaine Edwards,D,LA-SEN,92nd,1972-11-13,Appointment was expiring; resigned to let successor start early,Milwaukee Journal,LA,1972
247,Dick Poff,R,VA-06,92nd,1972-08-29,Appointed to Virginia Supreme Court,Washington Post,VA,1972
248,Edwin Edwards,D,LA-07,92nd,1972-05-09,Elected Louisiana governor,U.S. Congress,LA,1972
249,Bradford Morse,R,MA-05,92nd,1972-05-01,Took a job with United Nations,Los Angeles Times,MA,1972
250,Charlotte Reid,R,IL-15,92nd,1971-10-07,Appointed to Nixon administration,U.S. House of Representatives,IL,1971
251,Robert Stafford,R,VT-AL,92nd,1971-09-16,Appointed U.S. senator,U.S. Congress,VT,1971
252,Rogers Morton,R,MD-01,92nd,1971-01-29,Appointed to Nixon administration,Washington Post,MD,1971
253,George Murphy,R,CA-SEN,91st,1971-01-02,Lost reelection bid & left early; unclear why,New York Times,CA,1971
254,John Tunney,D,CA-38,91st,1971-01-02,Appointed U.S. senator,U.S. Congress,CA,1971
255,John Williams,R,DE-SEN,91st,1970-12-31,Retired; resigned early to give successor seniority,Delaware Historical Society,DE,1970
256,William Roth,R,DE-AL,91st,1970-12-31,Appointed U.S. senator,Delaware Historical Society,DE,1970
257,Bill Cahill,R,NJ-06,91st,1970-01-19,Elected New Jersey governor,U.S. Congress,NJ,1970
258,Charles Joelson,D,NJ-08,91st,1969-09-04,Appointed New Jersey superior court judge,U.S. Congress,NJ,1969
259,Donald Rumsfeld,R,IL-13,91st,1969-05-25,Appointed to Nixon administration,White House,IL,1969
260,James Battin,R,MT-02,91st,1969-02-27,Appointed federal judge,U.S. Congress,MT,1969
261,Ed Reinecke,R,CA-27,91st,1969-01-21,Appointed California lieutenant governor,Lieutenant Governor Blog,CA,1969
262,Melvin Laird,R,WI-07,91st,1969-01-21,Appointed to Nixon administration,U.S. Congress,WI,1969
263,Paul Fino,R,NY-24,90th,1968-12-31,Elected New York Supreme Court justice,U.S. Congress,NY,1968
264,Edward Long,D,MO-SEN,90th,1968-12-27,Lost reelection bid; resigned to let successor start early,Missourinet,MO,1968
265,Thruston Morton,R,KY-SEN,90th,1968-12-16,Retired; resigned early to give successor seniority,Orlando Sentinel,KY,1968
266,John Bell Williams,D,MS-03,90th,1968-01-16,Elected Mississippi governor,U.S. Congress,MS,1968
267,Abraham Multer,D,NY-13,90th,1967-12-31,Elected New York Supreme Court justice,U.S. Congress,NY,1967
268,Ralph Rivers,D,AK-AL,89th,1966-12-30,Lost reelection; resigned early to receive higher pension,Indianapolis Star,AK,1966
269,Winfield Denton,D,IN-08,89th,1966-12-30,Lost reelection; resigned early to receive higher pension,Rushville Republican,IN,1966
270,Ralph Harvey,R,IN-10,89th,1966-12-30,Lost reelection; resigned early to receive higher pension,Indianapolis Star,IN,1966
271,Leo O'Brien,D,NY-29,89th,1966-12-30,Retired; resigned early to receive higher pension,Indianapolis Star,NY,1966
272,Harold Cooley,D,NC-04,89th,1966-12-30,Lost reelection; resigned early to receive higher pension,Indianapolis Star,NC,1966
273,Robert Secrest,D,OH-15,89th,1966-12-30,Lost reelection; resigned early to receive higher pension,Indianapolis Star,OH,1966
274,Paul Dague,R,PA-09,89th,1966-12-30,Retired; resigned early to receive higher pension,Indianapolis Star,PA,1966
275,John Kunkel,R,PA-16,89th,1966-12-30,Retired; resigned early to receive higher pension,Indianapolis Star,PA,1966
276,Tom Murray,D,TN-07,89th,1966-12-30,Lost reelection; resigned early to receive higher pension,Indianapolis Star,TN,1966
277,Clark Thompson,D,TX-09,89th,1966-12-30,Retired; resigned early to receive higher pension,Indianapolis Star,TX,1966
278,A. Willis Robertson,D,VA-SEN,89th,1966-12-30,Lost reelection bid; resigned to let successor start early,Indianapolis Star,VA,1966
279,Robert Griffin,R,MI-09,89th,1966-05-10,Appointed U.S. senator,U.S. Congress,MI,1966
280,Oren Harris,D,AR-04,89th,1966-02-02,Appointed federal judge,U.S. Congress,AR,1966
281,John Lindsay,R,NY-17,89th,1965-12-31,Elected New York City mayor,U.S. Congress,NY,1965
282,Harry Byrd Sr.,D,VA-SEN,89th,1965-11-10,Health reasons,Washington Post,VA,1965
283,James Roosevelt,D,CA-26,89th,1965-09-30,Appointed to Johnson administration,U.S. Congress,CA,1965
284,Albert Watson,D,SC-02,89th,1965-02-01,Dem Party ostracized him; resigned to seek seat as Republican,U.S. Congress,SC,1965
285,Pierre Salinger,D,CA-SEN,88th,1964-12-31,Lost reelection; resigned early to take film job & give successor seniority,Palm Springs Desert Sun,CA,1964
286,Hubert Humphrey,D,MN-SEN,88th,1964-12-29,Elected vice president,UPI,MN,1964
287,Edward Finnegan,D,IL-09,88th,1964-12-06,Appointed Cook County judge,U.S. Congress,IL,1964
288,Joseph Montoya,D,NM-AL,88th,1964-11-03,Elected U.S. senator,U.S. Congress,NM,1964
289,Ross Bass,D,TN-06,88th,1964-11-03,Elected U.S. senator,U.S. Congress,TN,1964
290,Robert Hemphill,D,SC-05,88th,1964-05-01,Appointed federal judge,U.S. Congress,SC,1964
291,John Shelley,D,CA-05,88th,1964-01-07,Elected San Francisco mayor,U.S. Congress,CA,1964
292,Homer Thornberry,D,TX-10,88th,1963-12-20,Appointed federal judge,U.S. Congress,TX,1963
293,Robert Cook,D,OH-11,87th,1962-12-13,Lost reelection bid & left early; unclear why,U.S. Congress,OH,1962
294,Frank Smith,D,MS-03,87th,1962-11-14,Appointed to Tennessee Valley Authority,U.S. House of Representatives,MS,1962
295,Hugh Addonizio,D,NJ-11,87th,1962-06-30,Elected Newark mayor,U.S. House of Representatives,NJ,1962
296,Lester Holtzman,D,NY-06,87th,1961-12-31,Elected New York Supreme Court justice,Jewish Virtual Library,NY,1961
297,Frank Ikard,D,TX-13,87th,1961-12-15,Took a job with American Petroleum Institute,Corsicana Daily Sun,TX,1961
298,Paul Kilday,D,TX-20,87th,1961-09-24,Appointed federal judge,Arlington National Cemetery,TX,1961
299,Thaddeus Machrowicz,D,MI-01,87th,1961-09-18,Appointed federal judge,U.S. Congress,MI,1961
300,Stewart Udall,D,AZ-02,87th,1961-01-18,Appointed to Kennedy administration,U.S. Congress,AZ,1961
301,Lyndon Johnson,D,TX-SEN,87th,1961-01-03,Elected vice president,U.S. Congress,TX,1961
302,Albert Bosch,R,NY-05,86th,1960-12-31,Elected Queens County judge,U.S. Congress,NY,1960
303,John F. Kennedy,D,MA-SEN,86th,1960-12-22,Elected president,U.S. Congress,MA,1960
304,Quentin Burdick,D,ND-AL,86th,1960-08-08,Elected U.S. senator,U.S. Congress,ND,1960
305,Isidore Dollinger,D,NY-23,86th,1959-12-31,Elected Bronx district attorney,New York Times,NY,1959
306,Henry Latham,R,NY-04,85th,1958-12-31,Elected New York Supreme Court justice,U.S. Congress,NY,1958
307,Richard Wigglesworth,R,MA-13,85th,1958-11-13,Appointed to Eisenhower administration,U.S. Congress,MA,1958
308,Earl Chudoff,D,PA-04,85th,1958-01-05,Elected Pennsylvania judge,U.S. Congress,PA,1958
309,Sterling Cole,R,NY-37,85th,1957-12-01,Took a job with International Atomic Energy Agency,U.S. Congress,NY,1957
310,Samuel K. McConnell,R,PA-13,85th,1957-09-01,Took a job with United Cerebral Palsy Associations,U.S. Congress,PA,1957
311,Price Daniel,D,TX-SEN,85th,1957-01-14,Elected Texas governor,U.S. Congress,TX,1957
312,Arthur Klein,D,NY-19,84th,1956-12-31,Elected New York Supreme Court justice,U.S. Congress,NY,1956
313,Irwin Davidson,D,NY-20,84th,1956-12-31,Elected New York judge,U.S. Congress,NY,1956
314,Strom Thurmond,D,SC-SEN,84th,1956-04-04,Fulfilled a campaign pledge to resign & have a competitive primary,New York Times,SC,1956
315,Sidney Fine,D,NY-22,84th,1956-01-02,Elected New York Supreme Court justice,U.S. Congress,NY,1956
316,Hazel Abel,R,NE-SEN,83rd,1954-12-31,Elected as caretaker; resigned to let successor start early,"""Oxford Handbook of Southern Politics""",NE,1954
317,Carl Curtis,R,NE-01,83rd,1954-12-31,Appointed U.S. senator,U.S. Congress,NE,1954
318,Jacob Javits,R,NY-21,83rd,1954-12-31,Elected New York attorney general,U.S. Congress,NY,1954
319,Charles Daniel,D,SC-SEN,83rd,1954-12-23,Appointment was expiring; resigned to let successor start early,Smart Politics,SC,1954
320,George Bender,R,OH-23,83rd,1954-12-15,Elected U.S. senator,U.S. Congress,OH,1954
321,Roman Hruska,R,NE-02,83rd,1954-11-08,Elected U.S. senator,U.S. Congress,NE,1954
322,Norris Cotton,R,NH-02,83rd,1954-11-07,Elected U.S. senator,U.S. Congress,NH,1954
323,Robert Secrest,D,OH-15,83rd,1954-09-26,Appointed to Eisenhower administration,Washington Post,OH,1954
324,Louis Heller,D,NY-08,83rd,1954-07-21,Appointed New York judge,U.S. Congress,NY,1954
325,Clifford Case,R,NJ-06,83rd,1953-08-16,Took a job with Ford Foundation's Fund for the Republic,New York Times,NJ,1953
326,Norris Poulson,R,CA-24,83rd,1953-07-11,Elected Los Angeles mayor,New York Times,CA,1953
327,Thomas Stanley,D,VA-05,83rd,1953-02-03,To focus on his run for governor,U.S. Congress,VA,1953
328,Richard Nixon,R,CA-SEN,82nd,1953-01-01,Elected vice president,U.S. Congress,CA,1953
329,Owen Brewster,R,ME-SEN,82nd,1952-12-31,Lost reelection bid & left early; unclear why,U.S. Congress,ME,1952
330,Leonard Hall,R,NY-02,82nd,1952-12-31,Elected Nassau County surrogate,U.S. Congress,NY,1952
331,Charles Potter,R,MI-11,82nd,1952-11-04,Elected U.S. senator,U.S. Congress,MI,1952
332,Foster Furcolo,D,MA-02,82nd,1952-09-30,Appointed Massachusetts treasurer,New York Times,MA,1952
333,Tom Pickett,D,TX-07,82nd,1952-06-30,Took a job with National Coal Association,U.S. Congress,TX,1952
334,T. Vincent Quinn,D,NY-05,82nd,1951-12-30,Elected Queens district attorney,U.S. Congress,NY,1951
335,Edward Breen,D,OH-03,82nd,1951-10-01,Ill health,U.S. Congress,OH,1951
336,Harry Towe,R,NJ-09,82nd,1951-09-07,Appointed New Jersey deputy attorney general,New York Times,NJ,1951
337,Ed Gossett,D,TX-13,82nd,1951-07-31,Took a job with Southwestern Bell Telephone Company,Denton Record-Chronicle,TX,1951
338,Thomas Underwood,D,KY-06,82nd,1951-03-17,Appointed U.S. senator,U.S. Congress,KY,1951
339,Frank Barrett,R,WY-AL,81st,1950-12-31,Elected Wyoming governor,U.S. Congress,WY,1950
340,Sheridan Downey,D,CA-SEN,81st,1950-11-30,Ill health,U.S. Congress,CA,1950
341,Richard Nixon,R,CA-12,81st,1950-11-30,Appointed U.S. senator,U.S. Congress,CA,1950
342,Eugene Worley,D,TX-18,81st,1950-04-03,Appointed federal judge,U.S. Congress,TX,1950
343,J. Parnell Thomas,R,NJ-07,81st,1950-01-02,Convicted of fraud,New York Observer,NJ,1950
344,Raymond Baldwin,R,CT-SEN,81st,1949-12-16,Appointed Connecticut Supreme Court justice,New York Times,CT,1949
345,J. Howard McGrath,D,RI-SEN,81st,1949-08-23,Appointed to Truman administration,U.S. Congress,RI,1949
346,Robert Wagner,D,NY-SEN,81st,1949-06-28,Health reasons,Encyclopedia Britannica,NY,1949
347,Alben Barkley,D,KY-SEN,81st,1949-01-19,Elected vice president,U.S. Congress,KY,1949
348,Karl Mundt,R,SD-01,80th,1948-12-30,Appointed U.S. senator,U.S. Congress,SD,1948
349,Vera Bushfield,R,SD-SEN,80th,1948-12-26,Appointment was expiring; resigned to let successor start early,U.S. House of Representatives,SD,1948
350,Noble Johnson,R,IN-06,80th,1948-07-01,Appointed federal judge,U.S. Congress,IN,1948
351,J. Lindsay Almond,D,VA-06,80th,1948-04-17,Elected Virginia attorney general,U.S. Congress,VA,1948
352,Earle Clements,D,KY-02,80th,1948-01-06,Elected Kentucky governor,U.S. Congress,KY,1948
353,Benjamin Rabin,D,NY-24,80th,1947-12-31,Elected New York Supreme Court justice,U.S. Congress,NY,1947
354,Evan Howell,R,IL-21,80th,1947-10-05,Appointed federal judge,U.S. Congress,IL,1947
355,Leo Rayfiel,D,NY-14,80th,1947-09-13,Appointed federal judge,U.S. Congress,NY,1947
356,Robert Jones,R,OH-04,80th,1947-09-02,Appointed to Truman administration,U.S. Congress,OH,1947
357,Ewing Thomason,D,TX-16,80th,1947-07-31,Appointed federal judge,U.S. Congress,TX,1947
358,Thomas D'Alesandro,D,MD-03,80th,1947-05-16,Elected Baltimore mayor,U.S. Congress,MD,1947
359,Hugh Mitchell,D,WA-SEN,79th,1946-12-25,Lost reelection bid; resigned to let successor start early,History Link,WA,1946
360,John Sparkman,D,AL-08,79th,1946-11-05,Elected U.S. senator,U.S. Congress,AL,1946
361,Henry Dworshak,R,ID-02,79th,1946-11-05,Elected U.S. senator,U.S. Congress,ID,1946
362,A. Willis Robertson,D,VA-07,79th,1946-11-05,Elected U.S. senator,U.S. Congress,VA,1946
363,Warren Austin,R,VT-SEN,79th,1946-08-02,Appointed to Truman administration,U.S. Congress,VT,1946
364,John Murphy,D,PA-10,79th,1946-07-17,Appointed federal judge,U.S. Congress,PA,1946
365,Luther Johnson,D,TX-06,79th,1946-07-17,Appointed federal judge,U.S. Congress,TX,1946
366,Thomas Burch,D,VA-05,79th,1946-05-31,Appointed U.S. senator,U.S. Congress,VA,1946
367,Samuel Weiss,D,PA-33,79th,1946-01-07,Elected Pennsylvania judge,U.S. Congress,PA,1946
368,Robert Ramspeck,D,GA-05,79th,1945-12-31,Took a job with Air Transport Association,U.S. Congress,GA,1945
369,Clifton Woodrum,D,VA-06,79th,1945-12-31,Took a job with American Plant Food Council,U.S. Congress,VA,1945
370,Samuel Dickstein,D,NY-19,79th,1945-12-30,Elected New York Supreme Court justice,American Jewish Archives,NY,1945
371,Happy Chandler,D,KY-SEN,79th,1945-11-01,Took a job with Major League Baseball,U.S. Congress,KY,1945
372,Harold Burton,R,OH-SEN,79th,1945-09-30,Appointed to U.S. Supreme Court,U.S. Congress,OH,1945
373,Lane Powers,R,NJ-04,79th,1945-08-30,Appointed to New Jersey Public Utilities Commission,U.S. Congress,NJ,1945
374,Clinton Anderson,D,NM-AL,79th,1945-06-30,Appointed to Truman administration,U.S. Congress,NM,1945
375,Dave Satterfield Jr.,D,VA-03,79th,1945-02-15,Took a job with Life Insurance Association of America,U.S. Congress,VA,1945
376,Harry Truman,D,MO-SEN,79th,1945-01-17,Elected vice president,U.S. Congress,MO,1945
377,Mon Wallgren,D,WA-SEN,79th,1945-01-09,Elected Washington governor,U.S. Congress,WA,1945
378,William Troutman,R,PA-AL,78th,1945-01-02,"Unclear, but sounds like he was elected to PA State Senate",U.S. Congress,PA,1945
379,Warren Magnuson,D,WA-01,78th,1944-12-13,Appointed U.S. senator,U.S. Congress,WA,1944
380,John Fogarty,D,RI-02,78th,1944-12-07,Joined the Navy,U.S. Congress,RI,1944
381,Al Gore Sr.,D,TN-04,78th,1944-12-04,Joined the Army,U.S. Congress,TN,1944
382,Lex Green,D,FL-AL,78th,1944-11-25,Joined the Navy,U.S. Congress,FL,1944
383,Homer Bone,D,WA-SEN,78th,1944-11-13,Appointed federal judge,U.S. Congress,WA,1944
384,Bob Sikes,D,FL-03,78th,1944-10-19,Joined the Army,National Military Fish & Wildlife Association,FL,1944
385,Winder Harris,D,VA-02,78th,1944-09-15,Took a job with Shipbuilders' Council of America,Smart Politics,VA,1944
386,Will Rogers Jr.,D,CA-16,78th,1944-05-23,Joined the Army,U.S. Congress,CA,1944
387,Jimmy Domengeaux,D,LA-03,78th,1944-04-15,Joined the Army,New York Times,LA,1944
388,Henry Cabot Lodge Jr.,R,MA-SEN,78th,1944-02-03,Joined the Army,U.S. Congress,MA,1944
389,Joseph Gavagan,D,NY-21,78th,1943-12-30,Elected New York Supreme Court justice,U.S. Congress,NY,1943
390,James McGranery,D,PA-02,78th,1943-11-17,Appointed to Roosevelt administration,U.S. Congress,PA,1943
391,James Van Zandt,R,PA-23,78th,1943-09-24,Joined the Navy,U.S. Congress,PA,1943
392,Jack Nichols,D,OK-02,78th,1943-07-03,Took a job with Transcontinental & Western Air,U.S. Congress,OK,1943
393,Anton Maciejewski,D,IL-06,77th,1942-12-08,Retired & left early; unclear why,U.S. Congress,IL,1942
394,James Scrugham,D,NV-AL,77th,1942-12-07,Elected U.S. senator,U.S. Congress,NV,1942
395,Harry Beam,D,IL-04,77th,1942-12-06,Elected Illinois judge,U.S. Congress,IL,1942
396,Charles Faddis,D,PA-25,77th,1942-12-04,Joined the Army,U.S. Congress,PA,1942
397,William Cole Jr.,D,MD-02,77th,1942-10-26,Appointed federal judge,U.S. Congress,MD,1942
398,Vincent Harrington,D,IA-09,77th,1942-09-05,Joined the Army,U.S. Congress,IA,1942
399,A.D. Baumhart Jr.,R,OH-13,77th,1942-09-02,Joined the Navy,U.S. Congress,OH,1942
400,Arthur Healey,D,MA-08,77th,1942-08-03,Appointed federal judge,U.S. Congress,MA,1942
401,Robert Secrest,D,OH-15,77th,1942-08-03,Joined the Navy,U.S. Congress,OH,1942
402,Charles Leavy,D,WA-05,77th,1942-08-01,Appointed federal judge,U.S. Congress,WA,1942
403,Joseph McArdle,D,PA-33,77th,1942-01-05,Elected to Pittsburgh City Council,U.S. Congress,PA,1942
404,Harold Flannery,D,PA-12,77th,1942-01-03,Elected Pennsylvania judge,U.S. Congress,PA,1942
405,Joseph Smith,D,CT-05,77th,1941-11-04,Appointed federal judge,U.S. Congress,CT,1941
406,Wall Doxey,D,MS-02,77th,1941-09-29,Elected U.S. senator,U.S. Congress,MS,1941
407,James Byrnes,D,SC-SEN,77th,1941-07-08,Appointed to U.S. Supreme Court,U.S. Congress,SC,1941
408,John Miller,D,AR-SEN,77th,1941-03-31,Appointed federal judge,U.S. Congress,AR,1941
409,Colgate Darden ,D,VA-02,77th,1941-03-01,To focus on his run for governor,U.S. Congress,VA,1941
410,Walter Bankhead,D,AL-07,77th,1941-02-01,Retured to his law practice (was always meant as a caretaker),Encyclopedia of Alabama,AL,1941
411,Matthew Neely,D,WV-SEN,77th,1941-01-12,Elected West Virginia governor,U.S. Congress,WV,1941
412,Thomas Hennings,D,MO-11,76th,1940-12-31,Elected St. Louis circuit attorney,U.S. Congress,MO,1940
413,Mon Wallgren,D,WA-02,76th,1940-12-19,Appointed U.S. senator,U.S. Congress,WA,1940
414,Lewis Schwellenbach,D,WA-SEN,76th,1940-12-16,Appointed federal judge,U.S. Congress,WA,1940
415,Paul Maloney,D,LA-02,76th,1940-12-15,Became collector of internal revenue for New Orleans district,U.S. Congress,LA,1940
416,Marvin Jones,D,TX-18,76th,1940-11-20,Appointed federal judge,U.S. Congress,TX,1940
417,Lindsay Warren,D,NC-01,76th,1940-10-31,Appointed comptroller general,U.S. Congress,NC,1940
418,Clift Chandler,D,TN-09,76th,1940-01-02,Elected Memphis mayor,U.S. Congress,TN,1940
419,Alan Goldsborough,D,MD-01,76th,1939-04-05,Appointed federal judge,U.S. Congress,MD,1939
420,Edward Eicher,D,IA-01,75th,1938-12-02,Appointed to Roosevelt administration,U.S. Congress,IA,1938
421,James Mead,D,NY-42,75th,1938-12-02,Elected U.S. senator,U.S. Congress,NY,1938
422,William McAdoo,D,CA-SEN,75th,1938-11-08,Took a job with American Steamship Lines,Knoxville Focus,CA,1938
423,Arthur Jenks,R,NH-01,75th,1938-06-09,His election was successfully contested & overturned,U.S. House of Representatives,NH,1938
424,Fred Vinson,D,KY-08,75th,1938-05-12,Appointed federal judge,U.S. Congress,KY,1938
425,Frederick Steiwer,R,OR-SEN,75th,1938-01-31,Returned to his law practice,New York Times,OR,1938
426,Harry Moore,D,NJ-SEN,75th,1938-01-18,Elected New Jersey governor,U.S. Congress,NJ,1938
427,Lister Hill,D,AL-02,75th,1938-01-11,Appointed U.S. senator,U.S. Congress,AL,1938
428,Dixie Bibb Graves,D,AL-SEN,75th,1938-01-10,Appointment was expiring; resigned to let successor start early,Encyclopedia of Alabama,AL,1938
429,Henry Ellenbogen,D,PA-33,75th,1938-01-03,Elected Pennsylvania judge,U.S. Congress,PA,1938
430,John Miller,D,AR-02,75th,1937-11-14,Elected U.S. senator,U.S. Congress,AR,1937
431,John Higgins,D,MA-11,75th,1937-09-30,Appointed Massachusetts judge,U.S. Congress,MA,1937
432,Charles Millard,R,NY-25,75th,1937-09-29,Elected Westchester County surrogate,U.S. Congress,NY,1937
433,Hugo Black,D,AL-SEN,75th,1937-08-19,Appointed to U.S. Supreme Court,U.S. Congress,AL,1937
434,Frank Kloeb,D,OH-04,75th,1937-08-19,Appointed federal judge,U.S. Congress,OH,1937
435,Prentiss Brown,D,MI-11,74th,1936-11-18,Appointed U.S. senator,U.S. Congress,MI,1936
436,Guy Gillette,D,IA-09,74th,1936-11-03,Elected U.S. senator,U.S. Congress,IA,1936
437,Samuel Hill,D,WA-05,74th,1936-06-25,Appointed federal judge,U.S. Congress,WA,1936
438,Mell Underwood,D,OH-11,74th,1936-04-10,Appointed federal judge,U.S. Congress,OH,1936
439,William Brunner,D,NY-02,74th,1935-09-27,Elected Queens County sheriff,U.S. Congress,NY,1935
440,William Arnold,D,IL-23,74th,1935-09-16,Appointed federal judge,U.S. Congress,IL,1935
441,Michael Igoe,D,IL-AL,74th,1935-06-02,Appointed to Roosevelt administration,U.S. Congress,IL,1935
442,John McDuffie,D,AL-01,74th,1935-03-02,Appointed federal judge,U.S. Congress,AL,1935
443,Francis Condon,D,RI-01,74th,1935-01-10,Appointed Rhode Island judge,U.S. Congress,RI,1935
444,James Beck,R,PA-02,73rd,1934-09-30,"Frustrated with Congress, could fight the New Deal better in court",Indiana Gazette,PA,1934
445,W.A. Ayres,D,KS-05,73rd,1934-08-22,Appointed to Roosevelt administration,U.S. Congress,KS,1934
446,Frank Oliver,D,NY-23,73rd,1934-06-18,Appointed New York City magistrate,U.S. Congress,NY,1934
447,Ernest Gibson,R,VT-AL,73rd,1933-10-19,Appointed U.S. senator,U.S. Congress,VT,1933
448,Earl Major,D,IL-21,73rd,1933-10-06,Appointed federal judge,U.S. Congress,IL,1933
449,Sam Bratton,D,NM-SEN,73rd,1933-06-24,Appointed federal judge,U.S. Congress,NM,1933
450,Heartsill Ragon,D,AR-05,73rd,1933-06-16,Appointed federal judge,U.S. Congress,AR,1933
451,Lewis Douglas,D,AZ-AL,72nd,1933-03-04,Appointed to Roosevelt administration,U.S. Congress,AZ,1933
452,Cordell Hull,D,TN-SEN,72nd,1933-03-03,Appointed to Roosevelt administration,U.S. Congress,TN,1933
453,John Nance Garner,D,TX-15,72nd,1933-03-03,Elected vice president,U.S. Congress,TX,1933
454,Claude Swanson,D,VA-SEN,72nd,1933-03-03,Appointed to Roosevelt administration,U.S. Congress,VA,1933
455,Harry Hawes,D,MO-SEN,72nd,1933-02-03,Retired; resigned early to give successor seniority,St. Louis Post-Dispatch,MO,1933
456,John Tilson,R,CT-03,72nd,1932-12-03,"Went back to ""private life"" to make money",Associated Press,CT,1932
457,Charles Crisp,D,GA-03,72nd,1932-10-07,Appointed to U.S. Tariff Commission,U.S. Congress,GA,1932
458,Frederick Dallinger,R,MA-08,72nd,1932-10-01,Appointed federal judge,U.S. Congress,MA,1932
459,George Welsh,R,PA-06,72nd,1932-05-31,Appointed federal judge,U.S. Congress,PA,1932
460,Peter Granata,R,IL-08,72nd,1932-04-05,His election was successfully contested & overturned,U.S. Congress,IL,1932
461,Russell Leech,R,PA-20,72nd,1932-01-29,Appointed federal judge,U.S. Congress,PA,1932
462,David Kincheloe,D,KY-02,71st,1930-10-05,Appointed federal judge,U.S. Congress,KY,1930
463,Jeremiah O'Connell,D,RI-03,71st,1930-05-09,Appointed Rhode Island judge,U.S. Congress,RI,1930
464,Augustus McCloskey,D,TX-14,71st,1930-02-10,His election was successfully contested & overturned,U.S. Congress,TX,1930
465,John Robsion,R,KY-11,71st,1930-01-10,Appointed U.S. senator,U.S. Congress,KY,1930
466,Fred Sackett,R,KY-SEN,71st,1930-01-09,Appointed to Hoover administration,U.S. Congress,KY,1930
467,John Carew,D,NY-18,71st,1929-12-28,Appointed New York Supreme Court justice,U.S. Congress,NY,1929
468,Walter Edge,R,NJ-SEN,71st,1929-11-21,Appointed to Hoover administration,U.S. Congress,NJ,1929
469,Thomas Williams,R,IL-24,71st,1929-11-11,Appointed federal judge,U.S. Congress,IL,1929
470,Walter Newton,R,MN-05,71st,1929-06-30,Appointed to Hoover administration,U.S. Congress,MN,1929
471,Charles Curtis,R,KS-SEN,70th,1929-03-03,Elected vice president,U.S. Congress,KS,1929
472,Clarence MacGregor,R,NY-41,70th,1928-12-31,Elected New York Supreme Court justice,U.S. Congress,NY,1928
473,Theodore Burton,R,OH-22,70th,1928-12-15,Elected U.S. senator,U.S. Congress,OH,1928
474,Coleman du Pont,R,DE-SEN,70th,1928-12-09,Ill health,"""The Polluters""",DE,1928
475,William Bowling,D,AL-05,70th,1928-08-16,Appointed Alabama judge,U.S. Congress,AL,1928
476,Nicholas Sinnott,R,OR-02,70th,1928-05-31,Appointed federal judge,U.S. Congress,OR,1928
477,William Green,R,IA-09,70th,1928-03-31,Appointed federal judge,U.S. Congress,IA,1928
478,James Hazlett,R,PA-01,70th,1927-10-20,"Hard to find, but probably elected Philadelphia recorder of deeds?",Scranton Republican,PA,1927
479,Harry Hawes,D,MO-11,69th,1926-10-15,To focus on his run for Senate,U.S. Congress,MO,1926
480,Smith Brookhart,R,IA-SEN,69th,1926-04-12,His election was successfully contested & overturned,U.S. Congress,IA,1926
481,John Langley,R,KY-10,69th,1926-01-11,Convicted of violating Prohibition laws,Lexington Herald-Leader,KY,1926
482,George Young,R,ND-02,68th,1924-09-02,Appointed federal judge,U.S. Congress,ND,1924
483,William Graham,R,IL-14,68th,1924-06-07,Appointed federal judge,U.S. Congress,IL,1924
484,William Fields,D,KY-09,68th,1923-12-11,Elected Kentucky governor,U.S. Congress,KY,1923
485,Porter Dale,R,VT-02,68th,1923-08-11,To focus on his run for Senate,U.S. Congress,VT,1923
486,Stanley Webster,R,WA-05,68th,1923-05-08,Appointed federal judge,Spokane Spokesman-Review,WA,1923
487,Horace Towner,R,IA-08,68th,1923-04-01,Appointed Puerto Rico governor,U.S. Congress,IA,1923
488,William Vare,R,PA-01,67th,1923-01-02,Elected to PA State Senate,Reading Times,PA,1923
489,Thomas Harrison,D,VA-07,67th,1922-12-15,His election was successfully contested & overturned,U.S. Congress,VA,1922
490,Frank Millspaugh,R,MO-01,67th,1922-12-05,Appointed state finance commissioner,Jefferson City Post-Tribune,MO,1922
491,Truman Newberry,R,MI-SEN,67th,1922-11-18,Faced a vigorous election challenge due to his unethical campaign,U.S. Senate,MI,1922
492,Joseph Walsh,R,MA-16,67th,1922-08-02,Appointed Massachusetts judge,U.S. Congress,MA,1922
493,Frank Reavis,R,NE-01,67th,1922-06-03,Appointed to Harding administration,U.S. Congress,NE,1922
494,Alanson Houghton,R,NY-37,67th,1922-02-28,Appointed to Harding administration,U.S. Congress,NY,1922
495,William Kenyon,R,IA-SEN,67th,1922-02-24,Appointed federal judge,University of Iowa,IA,1922
496,John Peters,R,ME-03,67th,1922-01-02,Appointed federal judge,Maine: An Encyclopedia,ME,1922
497,Josiah Wolcott,D,DE-SEN,67th,1921-07-02,Appointed Delaware chancellor,U.S. Congress,DE,1921
498,Willfred Lufkin,R,MA-06,67th,1921-06-30,Appointed collector of customs at Port of Boston,U.S. Congress,MA,1921
499,James Good,R,IA-05,67th,1921-06-15,Took a job with a Chicago law firm,New York Times,IA,1921
500,Albert Fall,R,NM-SEN,67th,1921-03-04,Appointed to Harding administration,U.S. Congress,NM,1921
501,Patrick McLane,D,PA-10,66th,1921-02-25,His election was successfully contested & overturned,U.S. Congress,PA,1921
502,John Nugent,D,ID-SEN,66th,1921-01-14,Appointed to Wilson administration,Spokane Spokesman-Review,ID,1921
503,Warren Harding,R,OH-SEN,66th,1921-01-13,Elected president,U.S. Congress,OH,1921
504,Alvan Fuller,R,MA-09,66th,1921-01-05,Elected Massachusetts lieutenant governor,U.S. Congress,MA,1921
505,John MacCrate,R,NY-03,66th,1920-12-30,Elected New York Supreme Court justice,U.S. Congress,NY,1920
506,Thomas Heflin,D,AL-05,66th,1920-11-01,To focus on his run for Senate,U.S. Congress,AL,1920
507,Edmund Platt,R,NY-26,66th,1920-06-07,Appointed to Federal Reserve,U.S. Congress,NY,1920
508,Edward Saunders,D,VA-05,66th,1920-02-29,Elected Virginia judge,U.S. Congress,VA,1920
509,Hampton Moore,R,PA-03,66th,1920-01-04,Elected Philadelphia mayor,U.S. Congress,PA,1920
510,Reuben Haskell,R,NY-10,66th,1919-12-31,Elected Kings County judge,U.S. Congress,NY,1919
511,Fiorello La Guardia,R,NY-14,66th,1919-12-31,Elected New York City Board of Aldermen president,U.S. Congress,NY,1919
512,Joshua Alexander,D,MO-03,66th,1919-12-15,Appointed to Wilson administration,U.S. Congress,MO,1919
513,Edwin Webb,D,NC-09,66th,1919-11-10,Appointed federal judge,U.S. Congress,NC,1919
514,John F. Fitzgerald,D,MA-10,66th,1919-10-23,His election was successfully contested & overturned,U.S. Congress,MA,1919
515,Frank Lever,D,SC-07,66th,1919-08-01,Appointed to Federal Farm Loan Board,U.S. Congress,SC,1919
516,James Wilson,D,TX-12,65th,1919-03-03,Appointed federal judge,U.S. Congress,TX,1919
517,Charles Carlin,D,VA-08,65th,1919-03-03,Returned to his law practice,Washington Post,VA,1919
518,Zebulon Weaver,D,NC-10,65th,1919-03-01,His election was successfully contested & overturned,U.S. Congress,NC,1919
519,Harry Dale,D,NY-04,65th,1919-01-06,Appointed New York judge,U.S. Congress,NY,1919
520,John R.K. Scott,R,PA-AL,65th,1919-01-05,"Unclear, but sounds like he was elected to PA State House",Pennsylvania House of Representatives,PA,1919
521,Frederick Mulkey,R,OR-SEN,65th,1918-12-17,Resigned early to give successor seniority (was always meant as a caretaker),Oregon Blue Book,OR,1918
522,Carter Glass,D,VA-06,65th,1918-12-16,Appointed to Wilson administration,U.S. Congress,VA,1918
523,Irvine Lenroot,R,WI-11,65th,1918-04-17,Elected U.S. senator,U.S. Congress,WI,1918
524,Murray Hulbert,D,NY-21,65th,1918-01-01,Appointed director of Port of New York City,U.S. Congress,NY,1918
525,John J. Fitzgerald,D,NY-07,65th,1917-12-31,Resumed practicing law,U.S. Congress,NY,1917
526,Daniel Griffin,D,NY-08,65th,1917-12-31,Elected Kings County sheriff,U.S. Congress,NY,1917
527,Henry Bruckner,D,NY-22,65th,1917-12-31,Elected Bronx borough president,U.S. Congress,NY,1917
528,William Adamson,D,GA-04,65th,1917-12-18,Appointed federal judge,U.S. Congress,GA,1917
529,Mark Bacon,R,MI-02,65th,1917-12-13,His election was successfully contested & overturned,U.S. Congress,MI,1917
530,Augustus Gardner,R,MA-06,65th,1917-05-15,Joined the Army,U.S. Congress,MA,1917
531,Orrin Bleakley,R,PA-28,65th,1917-04-03,Convicted of spending too much money on his campaign,PoliticsPA,PA,1917
532,James Hay,D,VA-07,64th,1916-10-01,Appointed federal judge,New York Times,VA,1916
533,William Stephens,R,CA-10,64th,1916-07-22,Appointed California lieutenant governor,U.S. Congress,CA,1916
534,Joseph Johnson,D,SC-04,64th,1915-04-19,Appointed federal judge,Find a Grave,SC,1915
535,Eugene Kinkead,D,NJ-08,63rd,1915-02-04,"Elected Hudson County sheriff, right to vote in House challenged",Christian Science Monitor,NJ,1915
536,Timothy Ansberry,D,OH-05,63rd,1915-01-09,Appointed Ohio judge,U.S. Congress,OH,1915
537,Frank Willis,R,OH-08,63rd,1915-01-09,Elected Ohio governor,U.S. Congress,OH,1915
538,Winfield Hammond,D,MN-02,63rd,1915-01-06,Elected Minnesota governor,U.S. Congress,MN,1915
539,Denis O'Leary,D,NY-02,63rd,1914-12-31,Elected Queens district attorney,New York Times,NY,1914
540,Thomas Hardwick,D,GA-10,63rd,1914-11-02,To focus on his run for Senate,U.S. Congress,GA,1914
541,Walter McCoy,D,NJ-09,63rd,1914-10-03,Appointed federal judge,U.S. Congress,NJ,1914
542,Harry Covington,D,MD-01,63rd,1914-09-30,Appointed federal judge,U.S. Congress,MD,1914
543,William Murray,D,MA-10,63rd,1914-09-28,Appointed postmaster of Boston,U.S. Congress,MA,1914
544,Andrew Peters,D,MA-11,63rd,1914-08-15,Appointed to Wilson administration,U.S. Congress,MA,1914
545,William Sharp,D,OH-14,63rd,1914-07-23,Appointed to Wilson administration,U.S. Congress,OH,1914
546,James McDermott,D,IL-04,63rd,1914-07-21,"Implicated in lobbying scandal, resigned to avoid expulsion ",Sacramento Union,IL,1914
547,L.C. Dyer,R,MO-12,63rd,1914-06-19,His election was successfully contested & overturned,U.S. Congress,MO,1914
548,Henry Clayton,D,AL-03,63rd,1914-05-25,Appointed federal judge,U.S. Congress,AL,1914
549,James Michael Curley,D,MA-12,63rd,1914-02-04,Elected Boston mayor,U.S. Congress,MA,1914
550,Francis Harrison,D,NY-20,63rd,1913-09-01,Appointed Philippines governor,U.S. Congress,NY,1913
551,John W. Davis,D,WV-01,63rd,1913-08-29,Appointed to Wilson administration,U.S. Congress,WV,1913
552,Olin Young,R,MI-12,63rd,1913-05-16,Turned out votes were miscounted & he didn't win election,Congressional Record,MI,1913
553,Albert Burleson,D,TX-10,63rd,1913-03-06,Appointed to Wilson administration,U.S. Congress,TX,1913
554,John Weeks,R,MA-12,62nd,1913-03-04,Elected U.S. senator,U.S. Congress,MA,1913
555,Morris Sheppard,D,TX-01,62nd,1913-02-03,Elected U.S. senator,U.S. Congress,TX,1913
556,Joe T. Robinson,D,AR-06,62nd,1913-01-14,Elected Arkansas governor,U.S. Congress,AR,1913
557,James Cox,D,OH-03,62nd,1913-01-12,Elected Ohio governor,U.S. Congress,OH,1913
558,L.B. Hanna,R,ND-AL,62nd,1913-01-07,Elected North Dakota governor,U.S. Congress,ND,1913
559,Joseph Bailey,D,TX-SEN,62nd,1913-01-03,Retired; left early in disgust at election of progressive Wilson,"""Joe Bailey, the Last Democrat"" (p. 316)",TX,1913
560,Bill Sulzer,D,NY-10,62nd,1912-12-31,Elected New York governor,U.S. Congress,NY,1912
561,Charles Bowman,R,PA-11,62nd,1912-12-12,His election was successfully contested & overturned,U.S. Congress,PA,1912
562,William Hughes,D,NJ-06,62nd,1912-09-27,Appointed New Jersey judge,U.S. Congress,NJ,1912
563,Theron Catlin,R,MO-11,62nd,1912-08-12,His election was successfully contested & overturned,U.S. Congress,MO,1912
564,William Lorimer,R,IL-SEN,62nd,1912-07-13,Election declared invalid,U.S. Senate,IL,1912
565,Joseph Terrell,D,GA-SEN,62nd,1911-07-14,Had a stroke,University of Georgia,GA,1911
566,Walter Smith,R,IA-09,62nd,1911-03-15,Appointed federal judge,U.S. Congress,IA,1911
567,Asle Gronna,R,ND-AL,61st,1911-02-02,Elected U.S. senator,U.S. Congress,ND,1911
568,John Reynolds,R,PA-19,61st,1911-01-17,Elected Pennsylvania lieutenant governor,U.S. Congress,PA,1911
569,John Tener,R,PA-24,61st,1911-01-16,Elected Pennsylvania governor,U.S. Congress,PA,1911
570,Eugene Foss,D,MA-14,61st,1911-01-04,Elected Massachusetts governor,U.S. Congress,MA,1911
571,Gordon Russell,D,TX-03,61st,1910-06-14,Appointed federal judge,U.S. Congress,TX,1910
572,Fountain Thompson,D,ND-SEN,61st,1910-01-31,Ill health but was suspected to be political maneuvering,Bismarck Tribune,ND,1910
573,William Lorimer,R,IL-06,61st,1909-06-17,Elected U.S. senator,U.S. Congress,IL,1909
574,Theodore Burton,R,OH-21,60th,1909-03-04,Elected U.S. senator,U.S. Congress,OH,1909
575,Philander Knox,R,PA-SEN,60th,1909-03-04,Appointed to Taft administration,U.S. Congress,PA,1909
576,William Kitchin,D,NC-05,60th,1909-01-11,Elected North Carolina governor,U.S. Congress,NC,1909
577,George Lilley,R,CT-AL,60th,1909-01-06,Seat vacated when he became Connecticut governor,U.S. Congress,CT,1909
578,Charles Brumm,R,PA-12,60th,1909-01-04,Elected Pennsylvania judge,U.S. Congress,PA,1909
579,Charles Littlefield,R,ME-02,60th,1908-09-30,Returned to his law practice,San Francisco Call,ME,1908
580,John Spooner,R,WI-SEN,60th,1907-04-30,Resumed practicing law,Sacramento Union,WI,1907
581,John Reyburn,R,PA-02,60th,1907-03-31,Elected Philadelphia mayor,U.S. Congress,PA,1907
582,William Alden Smith,R,MI-05,59th,1907-02-09,Elected U.S. senator,U.S. Congress,MI,1907
583,Charles Curtis,R,KS-01,59th,1907-01-28,Elected U.S. senator,U.S. Congress,KS,1907
584,John Little,D,AR-04,59th,1907-01-14,Elected Arkansas governor,U.S. Congress,AR,1907
585,Newton Gilbert,R,IN-12,59th,1906-11-06,Appointed federal judge,U.S. Congress,IN,1906
586,Malcolm Patterson,D,TN-10,59th,1906-11-05,Elected Tennessee governor,U.S. Congress,TN,1906
587,James Gillett,R,CA-01,59th,1906-11-04,Elected California governor,U.S. Congress,CA,1906
588,Tim Sullivan,D,NY-08,59th,1906-07-27,Bored with Congress; returned to exercise boss power in NY & run for State Senate in 1908,Brooklyn Daily Eagle,NY,1906
589,Ernest Wood,D,MO-12,59th,1906-06-23,His election was successfully contested & overturned,U.S. Congress,MO,1906
590,Joseph Burton,R,KS-SEN,59th,1906-06-04,Convicted of corruption,U.S. Senate,KS,1906
591,Claude Swanson,D,VA-05,59th,1906-01-30,Elected Virginia governor,U.S. Congress,VA,1906
592,Frank Brandegee,R,CT-03,59th,1905-05-10,Elected U.S. senator,U.S. Congress,CT,1905
593,Alston Dayton,R,WV-02,59th,1905-03-16,Appointed federal judge,U.S. Congress,WV,1905
594,Elmer Burkett,R,NE-01,58th,1905-03-04,Elected U.S. senator,U.S. Congress,NE,1905
595,Charles Fairbanks,R,IN-SEN,58th,1905-03-03,Elected vice president,U.S. Congress,IN,1905
596,James Hemenway,R,IN-01,58th,1905-03-03,Elected U.S. senator,U.S. Congress,IN,1905
597,Victor Metcalf,R,CA-03,58th,1904-07-01,Appointed to Roosevelt administration,U.S. Congress,CA,1904
598,William Lanning,R,NJ-04,58th,1904-06-06,Appointed federal judge,U.S. Congress,NJ,1904
599,Charles Dick,R,OH-19,58th,1904-03-23,Elected U.S. senator,U.S. Congress,OH,1904
600,John Shafroth,D,CO-01,58th,1904-02-15,Agreed that his opponent had rightfully won the election,U.S. Congress,CO,1904
601,George Howell,D,PA-11,58th,1904-02-10,His election was successfully contested & overturned,U.S. Congress,PA,1904
602,George McClellan Jr.,D,NY-12,58th,1903-12-21,Elected New York City mayor,U.S. Congress,NY,1903
603,Thomas Ball,D,TX-08,58th,1903-11-16,Resumed practicing law,Texas State Historical Association,TX,1903
604,Joseph Gill,R,OH-16,58th,1903-10-31,Ill health,New York Times,OH,1903
605,Chester Long,R,KS-07,57th,1903-03-04,Elected U.S. senator,U.S. Congress,KS,1903
606,Heisler Ball,R,DE-AL,57th,1903-03-03,Elected U.S. senator,U.S. Congress,DE,1903
607,James Butler,D,MO-12,57th,1903-02-26,His election was successfully contested & overturned,U.S. Congress,MO,1903
608,S.W.T. Lanham,D,TX-08,57th,1903-01-15,Elected Texas governor,U.S. Congress,TX,1903
609,James Hall,D,PA-28,57th,1902-11-29,Elected to PA State Senate,U.S. Congress,PA,1902
610,George Ray,R,NY-26,57th,1902-09-11,Appointed federal judge,U.S. Congress,NY,1902
611,James Butler,D,MO-12,57th,1902-06-28,Election declared invalid,U.S. Congress,MO,1902
612,William Moody,R,MA-06,57th,1902-05-01,Appointed to Roosevelt administration,U.S. Congress,MA,1902
613,John Rhea,D,KY-03,57th,1902-03-25,His election was successfully contested & overturned,U.S. Congress,KY,1902
614,Nicholas Muller,D,NY-07,57th,1901-11-22,Ill health,New York Times,NY,1901
