Member,Party,District,Congress,Resignation Date,Reason,Source,Category,State,Year
Pat Tiberi,R,OH-12,115th,2018-01-15,Took a job with the Ohio Business Roundtable,New York Times,Private sector,OH,2018
Al Franken,D,MN-SEN,115th,2018-01-02,Sexual harassment/groping/unwanted kissing,Minneapolis Star Tribune,Unwanted sexual contact,MN,2018
Trent Franks,R,AZ-08,115th,2017-12-08,Sexual harassment/surrogacy pressure,CNN,Unwanted sexual contact,AZ,2017
John Conyers,D,MI-13,115th,2017-12-05,Sexual harassment/inappropriate touching,Washington Post,Unwanted sexual contact,MI,2017
Tim Murphy,R,PA-18,115th,2017-10-21,Extramarital affair/abortion hypocrisy,POLITICO,Consensual sex scandals,PA,2017
Jason Chaffetz,R,UT-03,115th,2017-06-30,Took a job with FOX News,POLITICO,Private sector,UT,2017
Ryan Zinke,R,MT-AL,115th,2017-03-01,Appointed to Trump administration,Bozeman Daily Chronicle,Other office,MT,2017
Mick Mulvaney,R,SC-05,115th,2017-02-16,Appointed to Trump administration,Associated Press,Other office,SC,2017
Tom Price,R,GA-06,115th,2017-02-10,Appointed to Trump administration,GeorgiaPol,Other office,GA,2017
Jeff Sessions,R,AL-SEN,115th,2017-02-08,Appointed to Trump administration,Washington Examiner,Other office,AL,2017
Xavier Becerra,D,CA-34,115th,2017-01-24,Appointed California attorney general,Los Angeles Times,Other office,CA,2017
Mike Pompeo,R,KS-04,115th,2017-01-23,Appointed to Trump administration,NBC News,Other office,KS,2017
Candice Miller,R,MI-10,114th,2016-12-31,Elected Macomb County public works commish,Detroit News,Other office,MI,2016
Janice Hahn,D,CA-44,114th,2016-12-04,Elected to LA County Board of Supervisors,Los Angeles Times,Other office,CA,2016
Ed Whitfield,R,KY-01,114th,2016-09-06,Ethics investigation,Kentucky Center for Investigative Reporting,Other scandals,KY,2016
Chaka Fattah,D,PA-02,114th,2016-06-23,Corruption conviction,POLITICO,Other scandals,PA,2016
John Boehner,R,OH-08,114th,2015-10-31,Sick of fighting the Tea Party,New York Times,Other,OH,2015
Aaron Schock,R,IL-18,114th,2015-03-31,Personal spending of government funds,POLITICO,Other scandals,IL,2015
Michael Grimm,R,NY-11,114th,2015-01-05,Tax evasion,CNN,Other scandals,NY,2015
Tom Coburn,R,OK-SEN,113th,2015-01-03,"Self-imposed term limits/""shifting my focus elsewhere""",The Oklahoman,,OK,2015
Eric Cantor,R,VA-07,113th,2014-08-18,Embarrassingly lost primary & majority leadership,USA Today,Other,VA,2014
Rob Andrews,D,NJ-01,113th,2014-02-18,Ethics investigation; took a job as a lobbyist,Philadelphia Inquirer,,NJ,2014
Max Baucus,D,MT-SEN,113th,2014-02-06,Appointed to Obama administration,The Missoulian,Other office,MT,2014
Trey Radel,R,FL-19,113th,2014-01-27,Cocaine possession,USA Today,Other scandals,FL,2014
Mel Watt,D,NC-12,113th,2014-01-06,Appointed to Obama administration,Camel City Dispatch,Other office,NC,2014
Rodney Alexander,R,LA-05,113th,2013-09-27,Appointed Louisiana VA secretary,Roll Call,Other office,LA,2013
Jo Bonner,R,AL-01,113th,2013-08-02,Took a job with University of Alabama,Roll Call,Private sector,AL,2013
Ed Markey,D,MA-05,113th,2013-07-15,Elected U.S. senator,Boston Globe,Other office,MA,2013
John Kerry,D,MA-SEN,113th,2013-02-01,Appointed to Obama administration,Boston Globe,Other office,MA,2013
Jo Ann Emerson,R,MO-08,113th,2013-01-22,Took a job with National Rural Electric Cooperative Association,Washington Post,Private sector,MO,2013
Tim Scott,R,SC-01,112th,2013-01-02,Appointed U.S. senator,U.S. House of Representatives,Other office,SC,2013
Jim DeMint,R,SC-SEN,112th,2013-01-01,Took a job with the Heritage Foundation,Washington Post,Private sector,SC,2013
Bob Filner,D,CA-51,112th,2012-12-03,Elected San Diego mayor,USA Today,Other office,CA,2012
Jesse Jackson Jr.,D,IL-02,112th,2012-11-21,Bipolar disorder; under criminal investigation,New York Times,,IL,2012
Dennis Cardoza,D,CA-18,112th,2012-08-15,"""Parenting challenges""; took a job with a law firm",POLITICO,,CA,2012
Geoff Davis,R,KY-04,112th,2012-07-31,"""Family health issue""",POLITICO,Health/family,KY,2012
Thad McCotter,R,MI-11,112th,2012-07-06,Bungled presidential campaign led to family concerns,Washington Post,,MI,2012
Jay Inslee,D,WA-01,112th,2012-03-20,To focus on his run for governor,Roll Call,Other office,WA,2012
Gabby Giffords,D,AZ-08,112th,2012-01-25,Recovery from gunshot injury,CNN,Health/family,AZ,2012
David Wu,D,OR-01,112th,2011-08-03,Sexual harassment/sex with teenage girl,The Oregonian,Unwanted sexual contact,OR,2011
Anthony Weiner,D,NY-09,112th,2011-06-21,Extramarital affair/sexting,New York Times,Consensual sex scandals,NY,2011
Dean Heller,R,NV-02,112th,2011-05-09,Appointed U.S. senator,Las Vegas Sun,Other office,NV,2011
John Ensign,R,NV-SEN,112th,2011-05-03,Ethics investigation into extramarital affair,Washington Post,Consensual sex scandals,NV,2011
Jane Harman,D,CA-36,112th,2011-02-28,Took a job with the Woodrow Wilson Center,Wilson Center,Private sector,CA,2011
Chris Lee,R,NY-26,112th,2011-02-09,Extramarital affair/shirtless photo,ABC News,Consensual sex scandals,NY,2011
Mark Kirk,R,IL-10,111th,2010-11-29,Elected U.S. senator,Associated Press,Other office,IL,2010
Mark Souder,R,IN-03,111th,2010-05-21,Extramarital affair,Washington Post,Consensual sex scandals,IN,2010
Nathan Deal,R,GA-09,111th,2010-03-21,To focus on his run for governor; ethics investigation,CREW,,GA,2010
Eric Massa,D,NY-29,111th,2010-03-08,Sexual harassment/groping (same-sex),The Week,Unwanted sexual contact,NY,2010
Neil Abercrombie,D,HI-01,111th,2010-02-28,To focus on his run for governor,NPR,Other office,HI,2010
Robert Wexler,D,FL-19,111th,2010-01-03,Took a job with Middle East think tank,Lexology,Private sector,FL,2010
John McHugh,R,NY-23,111th,2009-09-21,Appointed to Obama administration,New York Times,Other office,NY,2009
Mel Martinez,R, FL-SEN,111th,2009-09-09,"""To move on,"" spend time with family; later joined lobbying firm",New York Times,, F,2009
Ellen Tauscher,D,CA-10,111th,2009-06-26,Appointed to Obama administration,KNTV,Other office,CA,2009
Hilda Solis,D,CA-32,111th,2009-02-24,Appointed to Obama administration,Associated Press,Other office,CA,2009
Kirsten Gillibrand,D,NY-20,111th,2009-01-26,Appointed U.S. senator,New York Daily News,Other office,NY,2009
Hillary Clinton,D,NY-SEN,111th,2009-01-21,Appointed to Obama administration,CNN,Other office,NY,2009
Ken Salazar,D,CO-SEN,111th,2009-01-20,Appointed to Obama administration,Denver Post,Other office,CO,2009
Joe Biden,D,DE-SEN,111th,2009-01-15,Elected vice president,CNN,Other office,DE,2009
Rahm Emanuel,D,IL-05,110th,2009-01-02,Appointed to Obama administration,CNN,Other office,IL,2009
Tom Davis,R,VA-11,110th,2008-11-24,Took a job with Deloitte,Washington Post,Private sector,VA,2008
Barack Obama,D,IL-SEN,110th,2008-11-16,Elected president,CNN,Other office,IL,2008
Albert Wynn,D,MD-04,110th,2008-05-31,Took a job with a law firm after losing primary,Washington Post,,MD,2008
Richard Baker,R,LA-06,110th,2008-02-02,Took a job with the Managed Funds Association,New Orleans Times-Picayune,Private sector,LA,2008
Bobby Jindal,R,LA-01,110th,2008-01-14,Elected Louisiana governor,Reuters,Other office,LA,2008
Roger Wicker,R,MS-01,110th,2007-12-31,Appointed U.S. senator,The Guardian,Other office,MS,2007
Trent Lott,R,MS-SEN,110th,2007-12-18,"""Time left to do something else""; founded a lobbying firm",New York Times,Private sector,MS,2007
Dennis Hastert,R,IL-14,110th,2007-11-26,"No reason given, but had lost the speaker's gavel",FOX News,Other,IL,2007
Marty Meehan,D,MA-05,110th,2007-07-01,Took a job with University of Massachusetts,Associated Press,Private sector,MA,2007
Bob Ney,R,OH-18,109th,2006-11-03,Pleaded guilty to Abramoff influence-peddling scandal,Associated Press,Other scandals,OH,2006
Mark Foley,R,FL-16,109th,2006-09-29,Sexting with underage pages (same-sex),Washington Post,Unwanted sexual contact,FL,2006
Tom DeLay,R,TX-22,109th,2006-06-09,Campaign finance laundering & Abramoff scandal involvement,New York Times,Other scandals,TX,2006
Jon Corzine,D,NJ-SEN,109th,2006-01-17,Elected New Jersey governor,U.S. Congress,Other office,NJ,2006
Bob Menendez,D,NJ-13,109th,2006-01-16,Appointed U.S. senator,New York Times,Other office,NJ,2006
Duke Cunningham,R,CA-50,109th,2005-12-01,Bribery and tax evasion,San Diego Union-Tribune,Other scandals,CA,2005
Christopher Cox,R,CA-48,109th,2005-08-02,Appointed to Bush administration,Securities & Exchange Commission,Other office,CA,2005
Rob Portman,R,OH-02,109th,2005-04-29,Appointed to Bush administration,New York Times,Other office,OH,2005
Porter Goss,R,FL-14,108th,2004-09-23,Appointed to Bush administration,CQ Almanac,Other office,FL,2004
Doug Bereuter,R,NE-01,108th,2004-08-31,Took a job with the Asia Foundation,CQ Almanac,Private sector,NE,2004
Frank Ballance,D,NC-01,108th,2004-06-11,Ill health; fraud and money laundering,Associated Press,,NC,2004
Bill Janklow,R,SD-AL,108th,2004-01-20,Convicted of manslaughter for a fatal car accident,Minnesota Public Radio,Other scandals,SD,2004
Ernie Fletcher,R,KY-06,108th,2003-12-08,Elected Kentucky governor,Fletcher/Pence Inaugural,Other office,KY,2003
Larry Combest,R,TX-19,108th,2003-05-31,"Wife lost DC-area job, wanted to spend more time with her",Plainview Daily Herald,Health/family,TX,2003
Frank Murkowski,R,AK-SEN,107th,2002-12-02,Elected Alaska governor,U.S. Congress,Other office,AK,2002
Tony Hall,D,OH-03,107th,2002-09-09,Appointed to Bush administration,New York Times,Other office,OH,2002
James Traficant,D,OH-17,107th,2002-07-24,"Convicted of bribery, tax evasion, and racketeering",CNN,Other scandals,OH,2002
Steve Largent,R,OK-01,107th,2002-02-15,To focus on his run for governor,The Oklahoman,Other office,OK,2002
Joe Scarborough,R,FL-01,107th,2001-09-05,To spend more time with his sons,Northwest Florida Daily News,Health/family,FL,2001
Asa Hutchinson,R,AR-03,107th,2001-08-06,Appointed to Bush administration,Log Cabin Democrat,Other office,AR,2001
Bud Shuster,R,PA-09,107th,2001-02-05,"Ethics rebuke; ""health scares""",ABC News,,PA,2001
Bob Livingston,R,LA-01,106th,1999-03-01,Extramarital affairs,New York Times,Consensual sex scandals,LA,1999
Newt Gingrich,R,GA-06,106th,1999-01-03,Faced caucus revolt after disappointing midterm,New York Times,Other,GA,1999
Ron Dellums,D,CA-09,105th,1998-02-06,"""To do other things""; ended up consulting for healthcare company",Washington Post,Private sector,CA,1998
Floyd Flake,D,NY-06,105th,1997-11-17,To focus on his job as church pastor,New York Times,Private sector,NY,1997
Thomas Foglietta,D,PA-01,105th,1997-11-11,Appointed to Clinton administration,Associated Press,Other office,PA,1997
Susan Molinari,R,NY-13,105th,1997-08-02,Took a job with CBS,CNN,Private sector,NY,1997
Bill Richardson,D,NM-03,105th,1997-02-13,Appointed to Clinton administration,San Francisco Chronicle,Other office,NM,1997
Ray Thornton,D,AR-02,104th,1997-01-01,Elected Arkansas Supreme Court justice,U.S. Congress,Other office,AR,1997
Sam Brownback,R,KS-02,104th,1996-11-07,Elected U.S. senator,U.S. House of Representatives,Other office,KS,1996
Charlie Wilson,D,TX-02,104th,1996-10-08,Probably to start clock on lobbyist waiting period,Longview News-Journal,Private sector,TX,1996
Bob Dole,R,KS-SEN,104th,1996-06-11,To focus on his run for president,U.S. Congress,Other office,KS,1996
Kweisi Mfume,D,MD-07,104th,1996-02-18,Took a job with the NAACP,Washington Post,Private sector,MD,1996
Ron Wyden,D,OR-03,104th,1996-02-05,Elected U.S. senator,U.S. Congress,Other office,OR,1996
Walter Tucker III,D,CA-37,104th,1995-12-15,Convicted of extortion and tax evasion,New York Times,Other scandals,CA,1995
Norman Mineta,D,CA-15,104th,1995-10-10,Took a job with Lockheed Martin,Los Angeles Times,Private sector,CA,1995
Mel Reynolds,D,IL-02,104th,1995-10-01,Convicted of sex with 16-year-old girl,New York Times,Unwanted sexual contact,IL,1995
Bob Packwood,R,OR-SEN,104th,1995-10-01,Sexual harassment/assault,NPR,Unwanted sexual contact,OR,1995
David Boren,D,OK-SEN,103rd,1994-11-15,Took a job with University of Oklahoma,Los Angeles Times,Private sector,OK,1994
Jim Inhofe,R,OK-01,103rd,1994-11-15,Elected U.S. senator,U.S. Congress,Other office,OK,1994
Glenn English,D,OK-06,103rd,1994-01-07,Took a job with National Rural Electric Cooperative Association,UPI,Private sector,OK,1994
Bill Gradison,R,OH-02,103rd,1993-01-31,Took a job with Health Insurance Association of America,Science Corruption,Private sector,OH,1993
Mike Espy,D,MS-02,103rd,1993-01-22,Appointed to Clinton administration,Washington Post,Other office,MS,1993
Leon Panetta,D,CA-17,103rd,1993-01-21,Appointed to Clinton administration,Washington Post,Other office,CA,1993
Lloyd Bentsen,D,TX-SEN,103rd,1993-01-20,Appointed to Clinton administration,New York Times,Other office,TX,1993
Les Aspin,D,WI-01,103rd,1993-01-20,Appointed to Clinton administration,U.S. Congress,Other office,WI,1993
Al Gore Jr.,D,TN-SEN,102nd,1993-01-02,Elected vice president,CQ Almanac,Other office,TN,1993
Jocelyn Burdick,D,ND-SEN,102nd,1992-12-14,Appointment was expiring; resigned to let successor start early,New York Observer,Left early,ND,1992
Kent Conrad,D,ND-SEN,102nd,1992-12-14,Elected to North Dakota's other U.S. Senate seat,U.S. Senate,Other office,ND,1992
French Slaughter,R,VA-07,102nd,1991-11-04,Series of strokes,Washington Post,Health/family,VA,1991
William Gray III,D,PA-02,102nd,1991-09-11,Took a job with United Negro College Fund,Los Angeles Times,Private sector,PA,1991
Mo Udall,D,AZ-02,102nd,1991-05-04,Parkinson's disease,Baltimore Sun,Health/family,AZ,1991
Steve Bartlett,R,TX-03,102nd,1991-03-11,To focus on his run for Dallas mayor,D Magazine,Other office,TX,1991
Ed Madigan,R,IL-15,102nd,1991-03-08,Appointed to Bush administration,U.S. Congress,Other office,IL,1991
Pete Wilson,R,CA-SEN,102nd,1991-01-07,Elected California governor,U.S. Congress,Other office,CA,1991
Bob Smith,R,NH-01,101st,1990-12-07,Appointed U.S. senator,U.S. Congress,Other office,NH,1990
Gordon Humphrey,R,NH-SEN,101st,1990-12-04,Elected New Hampshire state senator,UPI,Other office,NH,1990
Daniel Akaka,D,HI-02,101st,1990-05-16,Appointed U.S. senator,U.S. Congress,Other office,HI,1990
Jim Florio,D,NJ-01,101st,1990-01-16,Elected New Jersey governor,U.S. House of Representatives,Other office,NJ,1990
Robert Garcia,D,NY-18,101st,1990-01-07,Convicted of extortion,New York Times,Other scandals,NY,1990
Guy Molinari,R,NY-14,101st,1989-12-31,Elected Staten Island borough president,U.S. House of Representatives,Other office,NY,1989
Jim Wright,D,TX-12,101st,1989-06-30,Ethics investigation into personal financial gain,Washington Post,Other scandals,TX,1989
Tony Coelho,D,CA-15,101st,1989-06-15,Personal finances under investigation,New York Times,Other scandals,CA,1989
Dick Cheney,R,WY-AL,101st,1989-03-17,Appointed to Bush administration,U.S. Congress,Other office,WY,1989
Dan Quayle,R,IN-SEN,101st,1989-01-03,Elected vice president,U.S. Congress,Other office,IN,1989
Dan Coats,R,IN-04,101st,1989-01-03,Appointed U.S. senator,U.S. Congress,Other office,IN,1989
Mario Biaggi,D,NY-19,100th,1988-08-08,Convicted twice of corruption,New York Times,Other scandals,NY,1988
Buddy Roemer,D,LA-04,100th,1988-03-14,Elected Louisiana governor,New York Times,Other office,LA,1988
Bill Boner,D,TN-05,100th,1987-10-05,Elected Nashville mayor,U.S. House of Representatives,Other office,TN,1987
Charles Whitley,D,NC-03,99th,1986-12-31,"Was retiring & left early, probably to take a job with the Tobacco Institute",Science Corruption,Private sector,NC,1986
Jim Broyhill,R,NC-10,99th,1986-07-13,Appointed U.S. senator,U.S. Congress,Other office,NC,1986
Cecil Heftel,D,HI-01,99th,1986-07-11,To focus on his run for governor,UPI,Other office,HI,1986
Sam Hall,D,TX-01,99th,1985-05-27,Appointed federal judge,UPI,Other office,TX,1985
Paul Tsongas,D,MA-SEN,98th,1985-01-02,Retired due to ill health; resigned early to give successor seniority,WBUR,,MA,1985
Tom Corcoran,R,IL-14,98th,1984-11-28,Recess-appointed to Synthetic Fuels Corporation board,Nexis search,Private sector,IL,1984
Harold Washington,D,IL-01,98th,1983-04-30,Elected Chicago mayor,U.S. House of Representatives,Other office,IL,1983
Phil Gramm,D,TX-06,98th,1983-01-05,Dem Party ostracized him; resigned to seek seat as Republican,New York Times,Other,TX,1983
Nicholas Brady,R,NJ-SEN,97th,1982-12-26,Appointment was expiring; resigned to let successor start early,New York Times,Left early,NJ,1982
Fred Richmond,D,NY-14,97th,1982-08-25,"Tax evasion, drug possession, campaign-finance irregularities",UPI,Other scandals,NY,1982
George Danielson,D,CA-30,97th,1982-03-09,Appointed California appellate judge,U.S. House of Representatives,Other office,CA,1982
Raymond Lederer,D,PA-03,97th,1981-04-29,Bribery and conspiracy in Abscam scandal,Associated Press,Other scandals,PA,1981
Jon Hinson,R,MS-04,97th,1981-04-13,Extramarital affair (same-sex),Zimbio,Consensual sex scandals,MS,1981
Pete Williams,D,NJ-SEN,97th,1981-03-11,Bribery and conspiracy in Abscam scandal,New York Times,Other scandals,NJ,1981
Gladys Spellman,D,MD-05,97th,1981-02-24,Brain-dead after heart attack,New York Times,Health/family,MD,1981
David Stockman,R,MI-04,97th,1981-01-27,Appointed to Reagan administration,The Atlantic,Other office,MI,1981
Donald Stewart,D,AL-SEN,96th,1981-01-01,Lost reelection bid; resigned to let successor start early,UPI,Left early,AL,1981
Dick Stone,D,FL-SEN,96th,1980-12-31,Lost reelection bid; resigned to let successor start early,U.S. Congress,Left early,FL,1980
John Durkin,D,NH-SEN,96th,1980-12-29,Lost reelection bid; resigned to let successor start early,New Hampshire Union Leader,Left early,NH,1980
Frank Thompson,D,NJ-04,96th,1980-12-29,Bribery and conspiracy in Abscam scandal,New York Times,Other scandals,NJ,1980
John Jenrette,D,SC-06,96th,1980-12-10,Bribery and conspiracy in Abscam scandal,UPI,Other scandals,SC,1980
Michael Myers,D,PA-01,96th,1980-10-02,Bribery in Abscam scandal,UPI,Other scandals,PA,1980
Charles Diggs Jr.,D,MI-13,96th,1980-06-03,Censured for mail fraud and kickbacks from staff,U.S. House of Representatives,Other scandals,MI,1980
Ed Muskie,D,ME-SEN,96th,1980-05-07,Appointed to Carter administration,GovTrack,Other office,ME,1980
Dave Treen,R,LA-03,96th,1980-03-10,Elected Louisiana governor,U.S. House of Representatives,Other office,LA,1980
Dan Flood,D,PA-11,96th,1980-01-31,Bribery and conspiracy,UPI,Other scandals,PA,1980
Abner Mikva,D,IL-10,96th,1979-09-26,Appointed federal judge,U.S. House of Representatives,Other office,IL,1979
William Scott,R,VA-SEN,95th,1979-01-01,Retired; resigned early to give successor seniority,Washington Post,Left early,VA,1979
John Moss,D,CA-03,95th,1978-12-31,Retired; probably resigned early to receive higher pension?,Los Angeles Times,Left early,CA,1978
John McFall,D,CA-14,95th,1978-12-31,Lost reelection; might've left early to receive higher pension or lobby,Washington Post,Left early,CA,1978
Del Clawson,R,CA-33,95th,1978-12-31,Retired; probably resigned early to receive higher pension?,Washington Post,Left early,CA,1978
Joe Skubitz,R,KS-05,95th,1978-12-31,Retired; resigned early to give successor seniority,Salina Journal,Left early,KS,1978
Al Cederberg,R,MI-10,95th,1978-12-31,Lost reelection; probably resigned early to receive higher pension?,U.S. House of Representatives,Left early,MI,1978
James Delaney,D,NY-09,95th,1978-12-31,Retired; probably resigned early to receive higher pension?,U.S. House of Representatives,Left early,NY,1978
Olin Teague,D,TX-06,95th,1978-12-31,Retired; probably resigned early to receive higher pension?,U.S. House of Representatives,Left early,TX,1978
Bob Poage,D,TX-11,95th,1978-12-31,Retired; probably resigned early to receive higher pension?,U.S. House of Representatives,Left early,TX,1978
Omar Burleson,D,TX-17,95th,1978-12-31,Retired; probably resigned early to receive higher pension?,U.S. House of Representatives,Left early,TX,1978
Clifford Hansen,R,WY-SEN,95th,1978-12-31,Retired; resigned early to give successor seniority,Associated Press,Left early,WY,1978
Teno Roncalio,D,WY-AL,95th,1978-12-30,Retired; probably resigned early to receive higher pension?,U.S. House of Representatives,Left early,WY,1978
Wendell Anderson,D,MN-SEN,95th,1978-12-29,Lost reelection bid; resigned to let successor start early,U.S. Congress,Left early,MN,1978
James Eastland,D,MS-SEN,95th,1978-12-27,Retired; resigned early to give successor seniority,U.S. Senate,Left early,MS,1978
Thad Cochran,R,MS-04,95th,1978-12-26,Appointed U.S. senator,U.S. Congress,Other office,MS,1978
James Pearson,R,KS-SEN,95th,1978-12-23,Retired; resigned early to give successor seniority,Lawrence Journal-World,Left early,KS,1978
Paul Hatfield,D,MT-SEN,95th,1978-12-14,Appointment was expiring; resigned to let successor start early,U.S. Congress,Left early,MT,1978
Max Baucus,D,MT-01,95th,1978-12-14,Appointed U.S. senator,U.S. Congress,Other office,MT,1978
Joseph LeFante,D,NJ-14,95th,1978-12-14,Dem machine boss told him to,Washington Post,Other,NJ,1978
Maryon Allen,D,AL-SEN,95th,1978-11-07,Appointment was expiring; resigned to let successor start early,U.S. Congress,Left early,AL,1978
Muriel Humphrey,D,MN-SEN,95th,1978-11-07,Appointment was expiring; resigned to let successor start early,U.S. Congress,Left early,MN,1978
Ed Koch,D,NY-18,95th,1977-12-31,Elected New York City mayor,New York Times,Other office,NY,1977
Herman Badillo,D,NY-21,95th,1977-12-31,Appointed New York City deputy mayor,U.S. House of Representatives,Other office,NY,1977
Richard Tonry,D,LA-01,95th,1977-05-04,Federal inquiry into voter fraud & illegal campaign contributions,Roll Call,Other scandals,LA,1977
Andrew Young,D,GA-05,95th,1977-01-29,Appointed to Carter administration,Georgia Encyclopedia,Other office,GA,1977
Bob Bergland,D,MN-07,95th,1977-01-22,Appointed to Carter administration,New York Times,Other office,MN,1977
Brock Adams,D,WA-07,95th,1977-01-22,Appointed to Carter administration,Washington Post,Other office,WA,1977
John Tunney,D,CA-SEN,94th,1977-01-01,Lost reelection bid; resigned to let successor start early,UPI,Left early,CA,1977
Don Riegle Jr.,D,MI-07,94th,1976-12-30,Appointed U.S. senator,U.S. Congress,Other office,MI,1976
Walter Mondale,D,MN-SEN,94th,1976-12-30,Elected vice president,U.S. Congress,Other office,MN,1976
Robert Taft Jr.,R,OH-SEN,94th,1976-12-28,Lost reelection bid; resigned to let successor start early,Coshocton Tribune,Left early,OH,1976
John Pastore,D,RI-SEN,94th,1976-12-28,Retired; resigned early to give successor seniority,Arizona Republic,Left early,RI,1976
Stuart Symington,D,MO-SEN,94th,1976-12-27,Retired; resigned early to give successor seniority,Jefferson City Post-Tribune,Left early,MO,1976
Roman Hruska,R,NE-SEN,94th,1976-12-27,Retired; resigned early to give successor seniority,Lincoln Star,Left early,NE,1976
Wayne Hays,D,OH-18,94th,1976-09-01,Extramarital affair/paying his mistress a salary,New York Times,Consensual sex scandals,OH,1976
Bob Casey,D,TX-22,94th,1976-01-22,Appointed to Ford administration,U.S. Congress,Other office,TX,1976
James Hastings,R,NY-39,94th,1976-01-20,Took a job with Associated Industries of New York,Milwaukee Journal,Private sector,NY,1976
Norris Cotton,R,NH-SEN,94th,1975-09-18,To yield to the winner of the controversial NH-SEN re-vote,U.S. Congress,Other,NH,1975
Richard Fulton,D,TN-05,94th,1975-08-14,Elected Nashville mayor,U.S. Congress,Other office,TN,1975
J. William Fulbright,D,AR-SEN,93rd,1974-12-31,Lost reelection bid; quit to go on vacation & receive higher pension,New York Times,Left early,AR,1974
Charles Gubser,R,CA-10,93rd,1974-12-31,Retired; probably resigned early to receive higher pension?,U.S. Congress,Left early,CA,1974
Chet Holifield,D,CA-19,93rd,1974-12-31,Retired; probably resigned early to receive higher pension?,U.S. Congress,Left early,CA,1974
Craig Hosmer,R,CA-32,93rd,1974-12-31,Retired; probably resigned early to receive higher pension?,U.S. Congress,Left early,CA,1974
Richard Hanna,D,CA-34,93rd,1974-12-31,Retired; probably resigned early to receive higher pension?,Los Angeles Times,Left early,CA,1974
Ed Gurney,R,FL-SEN,93rd,1974-12-31,"Retired; might've left early for pension, seniority, or indictment",Orlando Sentinel,,FL,1974
Leslie Arends,R,IL-15,93rd,1974-12-31,Retired; probably resigned early to receive higher pension?,U.S. Congress,Left early,IL,1974
Ken Gray,D,IL-24,93rd,1974-12-31,Retired; probably resigned early to receive higher pension?,U.S. Congress,Left early,IL,1974
Frank Stubblefield,D,KY-01,93rd,1974-12-31,Lost reelection; probably resigned early to receive higher pension?,U.S. Congress,Left early,KY,1974
Harold Donohue,D,MA-03,93rd,1974-12-31,Retired; probably resigned early to receive higher pension?,U.S. Congress,Left early,MA,1974
Charles Chamberlain,R,MI-06,93rd,1974-12-31,Retired; probably resigned early to receive higher pension?,U.S. Congress,Left early,MI,1974
Martha Griffiths,D,MI-17,93rd,1974-12-31,Retired; probably resigned early to receive higher pension?,U.S. Congress,Left early,MI,1974
Ancher Nelsen,R,MN-02,93rd,1974-12-31,Retired; probably resigned early to receive higher pension?,U.S. Congress,Left early,MN,1974
John Blatnik,D,MN-08,93rd,1974-12-31,Retired; probably resigned early to receive higher pension?,U.S. Congress,Left early,MN,1974
David Martin,R,NE-03,93rd,1974-12-31,Retired; probably resigned early to receive higher pension?,U.S. Congress,Left early,NE,1974
Norris Cotton,R,NH-SEN,93rd,1974-12-31,Retired; might've left early for pension or to force R appointment in controversial NH-SEN,U.S. Senate,,NH,1974
Louis Wyman,R,NH-01,93rd,1974-12-31,Appointed U.S. senator,U.S. Congress,Other office,NH,1974
William Widnall,R,NJ-07,93rd,1974-12-31,Lost reelection; probably resigned early to receive higher pension?,U.S. Congress,Left early,NJ,1974
John Rooney,D,NY-14,93rd,1974-12-31,Retired; probably resigned early to receive higher pension?,U.S. Congress,Left early,NY,1974
Hugh Carey,D,NY-15,93rd,1974-12-31,Elected New York governor,U.S. Congress,Other office,NY,1974
Carleton King,R,NY-29,93rd,1974-12-31,Lost reelection; probably resigned early to receive higher pension?,U.S. Congress,Left early,NY,1974
Thaddeus Dulski,D,NY-37,93rd,1974-12-31,Retired; probably resigned early to receive higher pension?,U.S. Congress,Left early,NY,1974
Sam Ervin,D,NC-SEN,93rd,1974-12-31,Retired; resigned early to receive higher pension,Burlington Daily Times-News,Left early,NC,1974
William Minshall,R,OH-23,93rd,1974-12-31,Retired; probably resigned early to receive higher pension?,U.S. Congress,Left early,OH,1974
Edith Green,D,OR-03,93rd,1974-12-31,Retired; probably resigned early to receive higher pension?,U.S. Congress,Left early,OR,1974
Frank Clark,D,PA-25,93rd,1974-12-31,Lost reelection; probably resigned early to receive higher pension?,U.S. Congress,Left early,PA,1974
W.J. Bryan Dorn,D,SC-03,93rd,1974-12-31,Retired; probably resigned early to receive higher pension?,U.S. Congress,Left early,SC,1974
Tom Gettys,D,SC-05,93rd,1974-12-31,Retired; probably resigned early to receive higher pension?,U.S. Congress,Left early,SC,1974
O.C. Fisher,D,TX-21,93rd,1974-12-31,Retired; probably resigned early to receive higher pension?,U.S. Congress,Left early,TX,1974
Joel Broyhill,R,VA-10,93rd,1974-12-31,Lost reelection; probably resigned early to receive higher pension?,U.S. Congress,Left early,VA,1974
Julia Butler Hansen,D,WA-03,93rd,1974-12-31,Retired; probably resigned early to receive higher pension?,U.S. Congress,Left early,WA,1974
Vernon Thomson,R,WI-03,93rd,1974-12-31,Lost reelection; probably resigned early to receive higher pension?,U.S. Congress,Left early,WI,1974
Glenn Davis,R,WI-09,93rd,1974-12-31,Lost reelection; probably resigned early to receive higher pension?,U.S. Congress,Left early,WI,1974
Marlow Cook,R,KY-SEN,93rd,1974-12-27,Lost reelection bid; resigned to let successor start early,"""Kentucky's Governors""",Left early,KY,1974
Howard Metzenbaum,D,OH-SEN,93rd,1974-12-23,Appointment was expiring; resigned to let successor start early,Logan Daily News,Left early,OH,1974
Wallace Bennett,R,UT-SEN,93rd,1974-12-20,Retired; resigned early to give successor seniority,New York Times,Left early,UT,1974
Alan Bible,D,NV-SEN,93rd,1974-12-17,Retired; resigned early to give successor seniority,Las Vegas Review-Journal,Left early,NV,1974
Bill Mailliard,R,CA-06,93rd,1974-03-05,Appointed to Nixon administration,New York Times,Other office,CA,1974
James Harvey,R,MI-08,93rd,1974-01-31,Appointed federal judge,Ballotpedia,Other office,MI,1974
Bill Saxbe,R,OH-SEN,93rd,1974-01-03,Appointed to Nixon administration,American Presidency Project,Other office,OH,1974
William Keating,R,OH-01,93rd,1974-01-03,Took a job with Cincinnati Enquirer,Toledo Blade,Private sector,OH,1974
Gerald Ford,R,MI-05,93rd,1973-12-06,Appointed vice president,U.S. Congress,Other office,MI,1973
Elaine Edwards,D,LA-SEN,92nd,1972-11-13,Appointment was expiring; resigned to let successor start early,Milwaukee Journal,Left early,LA,1972
Dick Poff,R,VA-06,92nd,1972-08-29,Appointed to Virginia Supreme Court,Washington Post,Other office,VA,1972
Edwin Edwards,D,LA-07,92nd,1972-05-09,Elected Louisiana governor,U.S. Congress,Other office,LA,1972
Bradford Morse,R,MA-05,92nd,1972-05-01,Took a job with United Nations,Los Angeles Times,Private sector,MA,1972
Charlotte Reid,R,IL-15,92nd,1971-10-07,Appointed to Nixon administration,U.S. House of Representatives,Other office,IL,1971
Robert Stafford,R,VT-AL,92nd,1971-09-16,Appointed U.S. senator,U.S. Congress,Other office,VT,1971
Rogers Morton,R,MD-01,92nd,1971-01-29,Appointed to Nixon administration,Washington Post,Other office,MD,1971
George Murphy,R,CA-SEN,91st,1971-01-02,Lost reelection bid & left early; unclear why,New York Times,Left early,CA,1971
John Tunney,D,CA-38,91st,1971-01-02,Appointed U.S. senator,U.S. Congress,Other office,CA,1971
John Williams,R,DE-SEN,91st,1970-12-31,Retired; resigned early to give successor seniority,Delaware Historical Society,Left early,DE,1970
William Roth,R,DE-AL,91st,1970-12-31,Appointed U.S. senator,Delaware Historical Society,Other office,DE,1970
Bill Cahill,R,NJ-06,91st,1970-01-19,Elected New Jersey governor,U.S. Congress,Other office,NJ,1970
Charles Joelson,D,NJ-08,91st,1969-09-04,Appointed New Jersey superior court judge,U.S. Congress,Other office,NJ,1969
Donald Rumsfeld,R,IL-13,91st,1969-05-25,Appointed to Nixon administration,White House,Other office,IL,1969
James Battin,R,MT-02,91st,1969-02-27,Appointed federal judge,U.S. Congress,Other office,MT,1969
Ed Reinecke,R,CA-27,91st,1969-01-21,Appointed California lieutenant governor,Lieutenant Governor Blog,Other office,CA,1969
Melvin Laird,R,WI-07,91st,1969-01-21,Appointed to Nixon administration,U.S. Congress,Other office,WI,1969
Paul Fino,R,NY-24,90th,1968-12-31,Elected New York Supreme Court justice,U.S. Congress,Other office,NY,1968
Edward Long,D,MO-SEN,90th,1968-12-27,Lost reelection bid; resigned to let successor start early,Missourinet,Left early,MO,1968
Thruston Morton,R,KY-SEN,90th,1968-12-16,Retired; resigned early to give successor seniority,Orlando Sentinel,Left early,KY,1968
John Bell Williams,D,MS-03,90th,1968-01-16,Elected Mississippi governor,U.S. Congress,Other office,MS,1968
Abraham Multer,D,NY-13,90th,1967-12-31,Elected New York Supreme Court justice,U.S. Congress,Other office,NY,1967
Ralph Rivers,D,AK-AL,89th,1966-12-30,Lost reelection; resigned early to receive higher pension,Indianapolis Star,Left early,AK,1966
Winfield Denton,D,IN-08,89th,1966-12-30,Lost reelection; resigned early to receive higher pension,Rushville Republican,Left early,IN,1966
Ralph Harvey,R,IN-10,89th,1966-12-30,Lost reelection; resigned early to receive higher pension,Indianapolis Star,Left early,IN,1966
Leo O'Brien,D,NY-29,89th,1966-12-30,Retired; resigned early to receive higher pension,Indianapolis Star,Left early,NY,1966
Harold Cooley,D,NC-04,89th,1966-12-30,Lost reelection; resigned early to receive higher pension,Indianapolis Star,Left early,NC,1966
Robert Secrest,D,OH-15,89th,1966-12-30,Lost reelection; resigned early to receive higher pension,Indianapolis Star,Left early,OH,1966
Paul Dague,R,PA-09,89th,1966-12-30,Retired; resigned early to receive higher pension,Indianapolis Star,Left early,PA,1966
John Kunkel,R,PA-16,89th,1966-12-30,Retired; resigned early to receive higher pension,Indianapolis Star,Left early,PA,1966
Tom Murray,D,TN-07,89th,1966-12-30,Lost reelection; resigned early to receive higher pension,Indianapolis Star,Left early,TN,1966
Clark Thompson,D,TX-09,89th,1966-12-30,Retired; resigned early to receive higher pension,Indianapolis Star,Left early,TX,1966
A. Willis Robertson,D,VA-SEN,89th,1966-12-30,Lost reelection bid; resigned to let successor start early,Indianapolis Star,Left early,VA,1966
Robert Griffin,R,MI-09,89th,1966-05-10,Appointed U.S. senator,U.S. Congress,Other office,MI,1966
Oren Harris,D,AR-04,89th,1966-02-02,Appointed federal judge,U.S. Congress,Other office,AR,1966
John Lindsay,R,NY-17,89th,1965-12-31,Elected New York City mayor,U.S. Congress,Other office,NY,1965
Harry Byrd Sr.,D,VA-SEN,89th,1965-11-10,Health reasons,Washington Post,Health/family,VA,1965
James Roosevelt,D,CA-26,89th,1965-09-30,Appointed to Johnson administration,U.S. Congress,Other office,CA,1965
Albert Watson,D,SC-02,89th,1965-02-01,Dem Party ostracized him; resigned to seek seat as Republican,U.S. Congress,Other,SC,1965
Pierre Salinger,D,CA-SEN,88th,1964-12-31,Lost reelection; resigned early to take film job & give successor seniority,Palm Springs Desert Sun,,CA,1964
Hubert Humphrey,D,MN-SEN,88th,1964-12-29,Elected vice president,UPI,Other office,MN,1964
Edward Finnegan,D,IL-09,88th,1964-12-06,Appointed Cook County judge,U.S. Congress,Other office,IL,1964
Joseph Montoya,D,NM-AL,88th,1964-11-03,Elected U.S. senator,U.S. Congress,Other office,NM,1964
Ross Bass,D,TN-06,88th,1964-11-03,Elected U.S. senator,U.S. Congress,Other office,TN,1964
Robert Hemphill,D,SC-05,88th,1964-05-01,Appointed federal judge,U.S. Congress,Other office,SC,1964
John Shelley,D,CA-05,88th,1964-01-07,Elected San Francisco mayor,U.S. Congress,Other office,CA,1964
Homer Thornberry,D,TX-10,88th,1963-12-20,Appointed federal judge,U.S. Congress,Other office,TX,1963
Robert Cook,D,OH-11,87th,1962-12-13,Lost reelection bid & left early; unclear why,U.S. Congress,Left early,OH,1962
Frank Smith,D,MS-03,87th,1962-11-14,Appointed to Tennessee Valley Authority,U.S. House of Representatives,Private sector,MS,1962
Hugh Addonizio,D,NJ-11,87th,1962-06-30,Elected Newark mayor,U.S. House of Representatives,Other office,NJ,1962
Lester Holtzman,D,NY-06,87th,1961-12-31,Elected New York Supreme Court justice,Jewish Virtual Library,Other office,NY,1961
Frank Ikard,D,TX-13,87th,1961-12-15,Took a job with American Petroleum Institute,Corsicana Daily Sun,Private sector,TX,1961
Paul Kilday,D,TX-20,87th,1961-09-24,Appointed federal judge,Arlington National Cemetery,Other office,TX,1961
Thaddeus Machrowicz,D,MI-01,87th,1961-09-18,Appointed federal judge,U.S. Congress,Other office,MI,1961
Stewart Udall,D,AZ-02,87th,1961-01-18,Appointed to Kennedy administration,U.S. Congress,Other office,AZ,1961
Lyndon Johnson,D,TX-SEN,87th,1961-01-03,Elected vice president,U.S. Congress,Other office,TX,1961
Albert Bosch,R,NY-05,86th,1960-12-31,Elected Queens County judge,U.S. Congress,Other office,NY,1960
John F. Kennedy,D,MA-SEN,86th,1960-12-22,Elected president,U.S. Congress,Other office,MA,1960
Quentin Burdick,D,ND-AL,86th,1960-08-08,Elected U.S. senator,U.S. Congress,Other office,ND,1960
Isidore Dollinger,D,NY-23,86th,1959-12-31,Elected Bronx district attorney,New York Times,Other office,NY,1959
Henry Latham,R,NY-04,85th,1958-12-31,Elected New York Supreme Court justice,U.S. Congress,Other office,NY,1958
Richard Wigglesworth,R,MA-13,85th,1958-11-13,Appointed to Eisenhower administration,U.S. Congress,Other office,MA,1958
Earl Chudoff,D,PA-04,85th,1958-01-05,Elected Pennsylvania judge,U.S. Congress,Other office,PA,1958
Sterling Cole,R,NY-37,85th,1957-12-01,Took a job with International Atomic Energy Agency,U.S. Congress,Private sector,NY,1957
Samuel K. McConnell,R,PA-13,85th,1957-09-01,Took a job with United Cerebral Palsy Associations,U.S. Congress,Private sector,PA,1957
Price Daniel,D,TX-SEN,85th,1957-01-14,Elected Texas governor,U.S. Congress,Other office,TX,1957
Arthur Klein,D,NY-19,84th,1956-12-31,Elected New York Supreme Court justice,U.S. Congress,Other office,NY,1956
Irwin Davidson,D,NY-20,84th,1956-12-31,Elected New York judge,U.S. Congress,Other office,NY,1956
Strom Thurmond,D,SC-SEN,84th,1956-04-04,Fulfilled a campaign pledge to resign & have a competitive primary,New York Times,Other,SC,1956
Sidney Fine,D,NY-22,84th,1956-01-02,Elected New York Supreme Court justice,U.S. Congress,Other office,NY,1956
Hazel Abel,R,NE-SEN,83rd,1954-12-31,Elected as caretaker; resigned to let successor start early,"""Oxford Handbook of Southern Politics""",Left early,NE,1954
Carl Curtis,R,NE-01,83rd,1954-12-31,Appointed U.S. senator,U.S. Congress,Other office,NE,1954
Jacob Javits,R,NY-21,83rd,1954-12-31,Elected New York attorney general,U.S. Congress,Other office,NY,1954
Charles Daniel,D,SC-SEN,83rd,1954-12-23,Appointment was expiring; resigned to let successor start early,Smart Politics,Left early,SC,1954
George Bender,R,OH-23,83rd,1954-12-15,Elected U.S. senator,U.S. Congress,Other office,OH,1954
Roman Hruska,R,NE-02,83rd,1954-11-08,Elected U.S. senator,U.S. Congress,Other office,NE,1954
Norris Cotton,R,NH-02,83rd,1954-11-07,Elected U.S. senator,U.S. Congress,Other office,NH,1954
Robert Secrest,D,OH-15,83rd,1954-09-26,Appointed to Eisenhower administration,Washington Post,Other office,OH,1954
Louis Heller,D,NY-08,83rd,1954-07-21,Appointed New York judge,U.S. Congress,Other office,NY,1954
Clifford Case,R,NJ-06,83rd,1953-08-16,Took a job with Ford Foundation's Fund for the Republic,New York Times,Private sector,NJ,1953
Norris Poulson,R,CA-24,83rd,1953-07-11,Elected Los Angeles mayor,New York Times,Other office,CA,1953
Thomas Stanley,D,VA-05,83rd,1953-02-03,To focus on his run for governor,U.S. Congress,Other office,VA,1953
Richard Nixon,R,CA-SEN,82nd,1953-01-01,Elected vice president,U.S. Congress,Other office,CA,1953
Owen Brewster,R,ME-SEN,82nd,1952-12-31,Lost reelection bid & left early; unclear why,U.S. Congress,Left early,ME,1952
Leonard Hall,R,NY-02,82nd,1952-12-31,Elected Nassau County surrogate,U.S. Congress,Other office,NY,1952
Charles Potter,R,MI-11,82nd,1952-11-04,Elected U.S. senator,U.S. Congress,Other office,MI,1952
Foster Furcolo,D,MA-02,82nd,1952-09-30,Appointed Massachusetts treasurer,New York Times,Other office,MA,1952
Tom Pickett,D,TX-07,82nd,1952-06-30,Took a job with National Coal Association,U.S. Congress,Private sector,TX,1952
T. Vincent Quinn,D,NY-05,82nd,1951-12-30,Elected Queens district attorney,U.S. Congress,Other office,NY,1951
Edward Breen,D,OH-03,82nd,1951-10-01,Ill health,U.S. Congress,Health/family,OH,1951
Harry Towe,R,NJ-09,82nd,1951-09-07,Appointed New Jersey deputy attorney general,New York Times,Other office,NJ,1951
Ed Gossett,D,TX-13,82nd,1951-07-31,Took a job with Southwestern Bell Telephone Company,Denton Record-Chronicle,Private sector,TX,1951
Thomas Underwood,D,KY-06,82nd,1951-03-17,Appointed U.S. senator,U.S. Congress,Other office,KY,1951
Frank Barrett,R,WY-AL,81st,1950-12-31,Elected Wyoming governor,U.S. Congress,Other office,WY,1950
Sheridan Downey,D,CA-SEN,81st,1950-11-30,Ill health,U.S. Congress,Health/family,CA,1950
Richard Nixon,R,CA-12,81st,1950-11-30,Appointed U.S. senator,U.S. Congress,Other office,CA,1950
Eugene Worley,D,TX-18,81st,1950-04-03,Appointed federal judge,U.S. Congress,Other office,TX,1950
J. Parnell Thomas,R,NJ-07,81st,1950-01-02,Convicted of fraud,New York Observer,Other scandals,NJ,1950
Raymond Baldwin,R,CT-SEN,81st,1949-12-16,Appointed Connecticut Supreme Court justice,New York Times,Other office,CT,1949
J. Howard McGrath,D,RI-SEN,81st,1949-08-23,Appointed to Truman administration,U.S. Congress,Other office,RI,1949
Robert Wagner,D,NY-SEN,81st,1949-06-28,Health reasons,Encyclopedia Britannica,Health/family,NY,1949
Alben Barkley,D,KY-SEN,81st,1949-01-19,Elected vice president,U.S. Congress,Other office,KY,1949
Karl Mundt,R,SD-01,80th,1948-12-30,Appointed U.S. senator,U.S. Congress,Other office,SD,1948
Vera Bushfield,R,SD-SEN,80th,1948-12-26,Appointment was expiring; resigned to let successor start early,U.S. House of Representatives,Left early,SD,1948
Noble Johnson,R,IN-06,80th,1948-07-01,Appointed federal judge,U.S. Congress,Other office,IN,1948
J. Lindsay Almond,D,VA-06,80th,1948-04-17,Elected Virginia attorney general,U.S. Congress,Other office,VA,1948
Earle Clements,D,KY-02,80th,1948-01-06,Elected Kentucky governor,U.S. Congress,Other office,KY,1948
Benjamin Rabin,D,NY-24,80th,1947-12-31,Elected New York Supreme Court justice,U.S. Congress,Other office,NY,1947
Evan Howell,R,IL-21,80th,1947-10-05,Appointed federal judge,U.S. Congress,Other office,IL,1947
Leo Rayfiel,D,NY-14,80th,1947-09-13,Appointed federal judge,U.S. Congress,Other office,NY,1947
Robert Jones,R,OH-04,80th,1947-09-02,Appointed to Truman administration,U.S. Congress,Other office,OH,1947
Ewing Thomason,D,TX-16,80th,1947-07-31,Appointed federal judge,U.S. Congress,Other office,TX,1947
Thomas D'Alesandro,D,MD-03,80th,1947-05-16,Elected Baltimore mayor,U.S. Congress,Other office,MD,1947
Hugh Mitchell,D,WA-SEN,79th,1946-12-25,Lost reelection bid; resigned to let successor start early,History Link,Left early,WA,1946
John Sparkman,D,AL-08,79th,1946-11-05,Elected U.S. senator,U.S. Congress,Other office,AL,1946
Henry Dworshak,R,ID-02,79th,1946-11-05,Elected U.S. senator,U.S. Congress,Other office,ID,1946
A. Willis Robertson,D,VA-07,79th,1946-11-05,Elected U.S. senator,U.S. Congress,Other office,VA,1946
Warren Austin,R,VT-SEN,79th,1946-08-02,Appointed to Truman administration,U.S. Congress,Other office,VT,1946
John Murphy,D,PA-10,79th,1946-07-17,Appointed federal judge,U.S. Congress,Other office,PA,1946
Luther Johnson,D,TX-06,79th,1946-07-17,Appointed federal judge,U.S. Congress,Other office,TX,1946
Thomas Burch,D,VA-05,79th,1946-05-31,Appointed U.S. senator,U.S. Congress,Other office,VA,1946
Samuel Weiss,D,PA-33,79th,1946-01-07,Elected Pennsylvania judge,U.S. Congress,Other office,PA,1946
Robert Ramspeck,D,GA-05,79th,1945-12-31,Took a job with Air Transport Association,U.S. Congress,Private sector,GA,1945
Clifton Woodrum,D,VA-06,79th,1945-12-31,Took a job with American Plant Food Council,U.S. Congress,Private sector,VA,1945
Samuel Dickstein,D,NY-19,79th,1945-12-30,Elected New York Supreme Court justice,American Jewish Archives,Other office,NY,1945
Happy Chandler,D,KY-SEN,79th,1945-11-01,Took a job with Major League Baseball,U.S. Congress,Private sector,KY,1945
Harold Burton,R,OH-SEN,79th,1945-09-30,Appointed to U.S. Supreme Court,U.S. Congress,Other office,OH,1945
Lane Powers,R,NJ-04,79th,1945-08-30,Appointed to New Jersey Public Utilities Commission,U.S. Congress,Other office,NJ,1945
Clinton Anderson,D,NM-AL,79th,1945-06-30,Appointed to Truman administration,U.S. Congress,Other office,NM,1945
Dave Satterfield Jr.,D,VA-03,79th,1945-02-15,Took a job with Life Insurance Association of America,U.S. Congress,Private sector,VA,1945
Harry Truman,D,MO-SEN,79th,1945-01-17,Elected vice president,U.S. Congress,Other office,MO,1945
Mon Wallgren,D,WA-SEN,79th,1945-01-09,Elected Washington governor,U.S. Congress,Other office,WA,1945
William Troutman,R,PA-AL,78th,1945-01-02,"Unclear, but sounds like he was elected to PA State Senate",U.S. Congress,Other office,PA,1945
Warren Magnuson,D,WA-01,78th,1944-12-13,Appointed U.S. senator,U.S. Congress,Other office,WA,1944
John Fogarty,D,RI-02,78th,1944-12-07,Joined the Navy,U.S. Congress,Military service,RI,1944
Al Gore Sr.,D,TN-04,78th,1944-12-04,Joined the Army,U.S. Congress,Military service,TN,1944
Lex Green,D,FL-AL,78th,1944-11-25,Joined the Navy,U.S. Congress,Military service,FL,1944
Homer Bone,D,WA-SEN,78th,1944-11-13,Appointed federal judge,U.S. Congress,Other office,WA,1944
Bob Sikes,D,FL-03,78th,1944-10-19,Joined the Army,National Military Fish & Wildlife Association,Military service,FL,1944
Winder Harris,D,VA-02,78th,1944-09-15,Took a job with Shipbuilders' Council of America,Smart Politics,Private sector,VA,1944
Will Rogers Jr.,D,CA-16,78th,1944-05-23,Joined the Army,U.S. Congress,Military service,CA,1944
Jimmy Domengeaux,D,LA-03,78th,1944-04-15,Joined the Army,New York Times,Military service,LA,1944
Henry Cabot Lodge Jr.,R,MA-SEN,78th,1944-02-03,Joined the Army,U.S. Congress,Military service,MA,1944
Joseph Gavagan,D,NY-21,78th,1943-12-30,Elected New York Supreme Court justice,U.S. Congress,Other office,NY,1943
James McGranery,D,PA-02,78th,1943-11-17,Appointed to Roosevelt administration,U.S. Congress,Other office,PA,1943
James Van Zandt,R,PA-23,78th,1943-09-24,Joined the Navy,U.S. Congress,Military service,PA,1943
Jack Nichols,D,OK-02,78th,1943-07-03,Took a job with Transcontinental & Western Air,U.S. Congress,Private sector,OK,1943
Anton Maciejewski,D,IL-06,77th,1942-12-08,Retired & left early; unclear why,U.S. Congress,Left early,IL,1942
James Scrugham,D,NV-AL,77th,1942-12-07,Elected U.S. senator,U.S. Congress,Other office,NV,1942
Harry Beam,D,IL-04,77th,1942-12-06,Elected Illinois judge,U.S. Congress,Other office,IL,1942
Charles Faddis,D,PA-25,77th,1942-12-04,Joined the Army,U.S. Congress,Military service,PA,1942
William Cole Jr.,D,MD-02,77th,1942-10-26,Appointed federal judge,U.S. Congress,Other office,MD,1942
Vincent Harrington,D,IA-09,77th,1942-09-05,Joined the Army,U.S. Congress,Military service,IA,1942
A.D. Baumhart Jr.,R,OH-13,77th,1942-09-02,Joined the Navy,U.S. Congress,Military service,OH,1942
Arthur Healey,D,MA-08,77th,1942-08-03,Appointed federal judge,U.S. Congress,Other office,MA,1942
Robert Secrest,D,OH-15,77th,1942-08-03,Joined the Navy,U.S. Congress,Military service,OH,1942
Charles Leavy,D,WA-05,77th,1942-08-01,Appointed federal judge,U.S. Congress,Other office,WA,1942
Joseph McArdle,D,PA-33,77th,1942-01-05,Elected to Pittsburgh City Council,U.S. Congress,Other office,PA,1942
Harold Flannery,D,PA-12,77th,1942-01-03,Elected Pennsylvania judge,U.S. Congress,Other office,PA,1942
Joseph Smith,D,CT-05,77th,1941-11-04,Appointed federal judge,U.S. Congress,Other office,CT,1941
Wall Doxey,D,MS-02,77th,1941-09-29,Elected U.S. senator,U.S. Congress,Other office,MS,1941
James Byrnes,D,SC-SEN,77th,1941-07-08,Appointed to U.S. Supreme Court,U.S. Congress,Other office,SC,1941
John Miller,D,AR-SEN,77th,1941-03-31,Appointed federal judge,U.S. Congress,Other office,AR,1941
Colgate Darden ,D,VA-02,77th,1941-03-01,To focus on his run for governor,U.S. Congress,Other office,VA,1941
Walter Bankhead,D,AL-07,77th,1941-02-01,Retured to his law practice (was always meant as a caretaker),Encyclopedia of Alabama,Private sector,AL,1941
Matthew Neely,D,WV-SEN,77th,1941-01-12,Elected West Virginia governor,U.S. Congress,Other office,WV,1941
Thomas Hennings,D,MO-11,76th,1940-12-31,Elected St. Louis circuit attorney,U.S. Congress,Other office,MO,1940
Mon Wallgren,D,WA-02,76th,1940-12-19,Appointed U.S. senator,U.S. Congress,Other office,WA,1940
Lewis Schwellenbach,D,WA-SEN,76th,1940-12-16,Appointed federal judge,U.S. Congress,Other office,WA,1940
Paul Maloney,D,LA-02,76th,1940-12-15,Became collector of internal revenue for New Orleans district,U.S. Congress,Other office,LA,1940
Marvin Jones,D,TX-18,76th,1940-11-20,Appointed federal judge,U.S. Congress,Other office,TX,1940
Lindsay Warren,D,NC-01,76th,1940-10-31,Appointed comptroller general,U.S. Congress,Other office,NC,1940
Clift Chandler,D,TN-09,76th,1940-01-02,Elected Memphis mayor,U.S. Congress,Other office,TN,1940
Alan Goldsborough,D,MD-01,76th,1939-04-05,Appointed federal judge,U.S. Congress,Other office,MD,1939
Edward Eicher,D,IA-01,75th,1938-12-02,Appointed to Roosevelt administration,U.S. Congress,Other office,IA,1938
James Mead,D,NY-42,75th,1938-12-02,Elected U.S. senator,U.S. Congress,Other office,NY,1938
William McAdoo,D,CA-SEN,75th,1938-11-08,Took a job with American Steamship Lines,Knoxville Focus,Private sector,CA,1938
Arthur Jenks,R,NH-01,75th,1938-06-09,His election was successfully contested & overturned,U.S. House of Representatives,Election overturned,NH,1938
Fred Vinson,D,KY-08,75th,1938-05-12,Appointed federal judge,U.S. Congress,Other office,KY,1938
Frederick Steiwer,R,OR-SEN,75th,1938-01-31,Returned to his law practice,New York Times,Private sector,OR,1938
Harry Moore,D,NJ-SEN,75th,1938-01-18,Elected New Jersey governor,U.S. Congress,Other office,NJ,1938
Lister Hill,D,AL-02,75th,1938-01-11,Appointed U.S. senator,U.S. Congress,Other office,AL,1938
Dixie Bibb Graves,D,AL-SEN,75th,1938-01-10,Appointment was expiring; resigned to let successor start early,Encyclopedia of Alabama,Left early,AL,1938
Henry Ellenbogen,D,PA-33,75th,1938-01-03,Elected Pennsylvania judge,U.S. Congress,Other office,PA,1938
John Miller,D,AR-02,75th,1937-11-14,Elected U.S. senator,U.S. Congress,Other office,AR,1937
John Higgins,D,MA-11,75th,1937-09-30,Appointed Massachusetts judge,U.S. Congress,Other office,MA,1937
Charles Millard,R,NY-25,75th,1937-09-29,Elected Westchester County surrogate,U.S. Congress,Other office,NY,1937
Hugo Black,D,AL-SEN,75th,1937-08-19,Appointed to U.S. Supreme Court,U.S. Congress,Other office,AL,1937
Frank Kloeb,D,OH-04,75th,1937-08-19,Appointed federal judge,U.S. Congress,Other office,OH,1937
Prentiss Brown,D,MI-11,74th,1936-11-18,Appointed U.S. senator,U.S. Congress,Other office,MI,1936
Guy Gillette,D,IA-09,74th,1936-11-03,Elected U.S. senator,U.S. Congress,Other office,IA,1936
Samuel Hill,D,WA-05,74th,1936-06-25,Appointed federal judge,U.S. Congress,Other office,WA,1936
Mell Underwood,D,OH-11,74th,1936-04-10,Appointed federal judge,U.S. Congress,Other office,OH,1936
William Brunner,D,NY-02,74th,1935-09-27,Elected Queens County sheriff,U.S. Congress,Other office,NY,1935
William Arnold,D,IL-23,74th,1935-09-16,Appointed federal judge,U.S. Congress,Other office,IL,1935
Michael Igoe,D,IL-AL,74th,1935-06-02,Appointed to Roosevelt administration,U.S. Congress,Other office,IL,1935
John McDuffie,D,AL-01,74th,1935-03-02,Appointed federal judge,U.S. Congress,Other office,AL,1935
Francis Condon,D,RI-01,74th,1935-01-10,Appointed Rhode Island judge,U.S. Congress,Other office,RI,1935
James Beck,R,PA-02,73rd,1934-09-30,"Frustrated with Congress, could fight the New Deal better in court",Indiana Gazette,Other,PA,1934
W.A. Ayres,D,KS-05,73rd,1934-08-22,Appointed to Roosevelt administration,U.S. Congress,Other office,KS,1934
Frank Oliver,D,NY-23,73rd,1934-06-18,Appointed New York City magistrate,U.S. Congress,Other office,NY,1934
Ernest Gibson,R,VT-AL,73rd,1933-10-19,Appointed U.S. senator,U.S. Congress,Other office,VT,1933
Earl Major,D,IL-21,73rd,1933-10-06,Appointed federal judge,U.S. Congress,Other office,IL,1933
Sam Bratton,D,NM-SEN,73rd,1933-06-24,Appointed federal judge,U.S. Congress,Other office,NM,1933
Heartsill Ragon,D,AR-05,73rd,1933-06-16,Appointed federal judge,U.S. Congress,Other office,AR,1933
Lewis Douglas,D,AZ-AL,72nd,1933-03-04,Appointed to Roosevelt administration,U.S. Congress,Other office,AZ,1933
Cordell Hull,D,TN-SEN,72nd,1933-03-03,Appointed to Roosevelt administration,U.S. Congress,Other office,TN,1933
John Nance Garner,D,TX-15,72nd,1933-03-03,Elected vice president,U.S. Congress,Other office,TX,1933
Claude Swanson,D,VA-SEN,72nd,1933-03-03,Appointed to Roosevelt administration,U.S. Congress,Other office,VA,1933
Harry Hawes,D,MO-SEN,72nd,1933-02-03,Retired; resigned early to give successor seniority,St. Louis Post-Dispatch,Left early,MO,1933
John Tilson,R,CT-03,72nd,1932-12-03,"Went back to ""private life"" to make money",Associated Press,Private sector,CT,1932
Charles Crisp,D,GA-03,72nd,1932-10-07,Appointed to U.S. Tariff Commission,U.S. Congress,Other office,GA,1932
Frederick Dallinger,R,MA-08,72nd,1932-10-01,Appointed federal judge,U.S. Congress,Other office,MA,1932
George Welsh,R,PA-06,72nd,1932-05-31,Appointed federal judge,U.S. Congress,Other office,PA,1932
Peter Granata,R,IL-08,72nd,1932-04-05,His election was successfully contested & overturned,U.S. Congress,Election overturned,IL,1932
Russell Leech,R,PA-20,72nd,1932-01-29,Appointed federal judge,U.S. Congress,Other office,PA,1932
David Kincheloe,D,KY-02,71st,1930-10-05,Appointed federal judge,U.S. Congress,Other office,KY,1930
Jeremiah O'Connell,D,RI-03,71st,1930-05-09,Appointed Rhode Island judge,U.S. Congress,Other office,RI,1930
Augustus McCloskey,D,TX-14,71st,1930-02-10,His election was successfully contested & overturned,U.S. Congress,Election overturned,TX,1930
John Robsion,R,KY-11,71st,1930-01-10,Appointed U.S. senator,U.S. Congress,Other office,KY,1930
Fred Sackett,R,KY-SEN,71st,1930-01-09,Appointed to Hoover administration,U.S. Congress,Other office,KY,1930
John Carew,D,NY-18,71st,1929-12-28,Appointed New York Supreme Court justice,U.S. Congress,Other office,NY,1929
Walter Edge,R,NJ-SEN,71st,1929-11-21,Appointed to Hoover administration,U.S. Congress,Other office,NJ,1929
Thomas Williams,R,IL-24,71st,1929-11-11,Appointed federal judge,U.S. Congress,Other office,IL,1929
Walter Newton,R,MN-05,71st,1929-06-30,Appointed to Hoover administration,U.S. Congress,Other office,MN,1929
Charles Curtis,R,KS-SEN,70th,1929-03-03,Elected vice president,U.S. Congress,Other office,KS,1929
Clarence MacGregor,R,NY-41,70th,1928-12-31,Elected New York Supreme Court justice,U.S. Congress,Other office,NY,1928
Theodore Burton,R,OH-22,70th,1928-12-15,Elected U.S. senator,U.S. Congress,Other office,OH,1928
Coleman du Pont,R,DE-SEN,70th,1928-12-09,Ill health,"""The Polluters""",Health/family,DE,1928
William Bowling,D,AL-05,70th,1928-08-16,Appointed Alabama judge,U.S. Congress,Other office,AL,1928
Nicholas Sinnott,R,OR-02,70th,1928-05-31,Appointed federal judge,U.S. Congress,Other office,OR,1928
William Green,R,IA-09,70th,1928-03-31,Appointed federal judge,U.S. Congress,Other office,IA,1928
James Hazlett,R,PA-01,70th,1927-10-20,"Hard to find, but probably elected Philadelphia recorder of deeds?",Scranton Republican,Other office,PA,1927
Harry Hawes,D,MO-11,69th,1926-10-15,To focus on his run for Senate,U.S. Congress,Other office,MO,1926
Smith Brookhart,R,IA-SEN,69th,1926-04-12,His election was successfully contested & overturned,U.S. Congress,Election overturned,IA,1926
John Langley,R,KY-10,69th,1926-01-11,Convicted of violating Prohibition laws,Lexington Herald-Leader,Other scandals,KY,1926
George Young,R,ND-02,68th,1924-09-02,Appointed federal judge,U.S. Congress,Other office,ND,1924
William Graham,R,IL-14,68th,1924-06-07,Appointed federal judge,U.S. Congress,Other office,IL,1924
William Fields,D,KY-09,68th,1923-12-11,Elected Kentucky governor,U.S. Congress,Other office,KY,1923
Porter Dale,R,VT-02,68th,1923-08-11,To focus on his run for Senate,U.S. Congress,Other office,VT,1923
Stanley Webster,R,WA-05,68th,1923-05-08,Appointed federal judge,Spokane Spokesman-Review,Other office,WA,1923
Horace Towner,R,IA-08,68th,1923-04-01,Appointed Puerto Rico governor,U.S. Congress,Other office,IA,1923
William Vare,R,PA-01,67th,1923-01-02,Elected to PA State Senate,Reading Times,Other office,PA,1923
Thomas Harrison,D,VA-07,67th,1922-12-15,His election was successfully contested & overturned,U.S. Congress,Election overturned,VA,1922
Frank Millspaugh,R,MO-01,67th,1922-12-05,Appointed state finance commissioner,Jefferson City Post-Tribune,Other office,MO,1922
Truman Newberry,R,MI-SEN,67th,1922-11-18,Faced a vigorous election challenge due to his unethical campaign,U.S. Senate,Other scandals,MI,1922
Joseph Walsh,R,MA-16,67th,1922-08-02,Appointed Massachusetts judge,U.S. Congress,Other office,MA,1922
Frank Reavis,R,NE-01,67th,1922-06-03,Appointed to Harding administration,U.S. Congress,Other office,NE,1922
Alanson Houghton,R,NY-37,67th,1922-02-28,Appointed to Harding administration,U.S. Congress,Other office,NY,1922
William Kenyon,R,IA-SEN,67th,1922-02-24,Appointed federal judge,University of Iowa,Other office,IA,1922
John Peters,R,ME-03,67th,1922-01-02,Appointed federal judge,Maine: An Encyclopedia,Other office,ME,1922
Josiah Wolcott,D,DE-SEN,67th,1921-07-02,Appointed Delaware chancellor,U.S. Congress,Other office,DE,1921
Willfred Lufkin,R,MA-06,67th,1921-06-30,Appointed collector of customs at Port of Boston,U.S. Congress,Other office,MA,1921
James Good,R,IA-05,67th,1921-06-15,Took a job with a Chicago law firm,New York Times,Private sector,IA,1921
Albert Fall,R,NM-SEN,67th,1921-03-04,Appointed to Harding administration,U.S. Congress,Other office,NM,1921
Patrick McLane,D,PA-10,66th,1921-02-25,His election was successfully contested & overturned,U.S. Congress,Election overturned,PA,1921
John Nugent,D,ID-SEN,66th,1921-01-14,Appointed to Wilson administration,Spokane Spokesman-Review,Other office,ID,1921
Warren Harding,R,OH-SEN,66th,1921-01-13,Elected president,U.S. Congress,Other office,OH,1921
Alvan Fuller,R,MA-09,66th,1921-01-05,Elected Massachusetts lieutenant governor,U.S. Congress,Other office,MA,1921
John MacCrate,R,NY-03,66th,1920-12-30,Elected New York Supreme Court justice,U.S. Congress,Other office,NY,1920
Thomas Heflin,D,AL-05,66th,1920-11-01,To focus on his run for Senate,U.S. Congress,Other office,AL,1920
Edmund Platt,R,NY-26,66th,1920-06-07,Appointed to Federal Reserve,U.S. Congress,Other office,NY,1920
Edward Saunders,D,VA-05,66th,1920-02-29,Elected Virginia judge,U.S. Congress,Other office,VA,1920
Hampton Moore,R,PA-03,66th,1920-01-04,Elected Philadelphia mayor,U.S. Congress,Other office,PA,1920
Reuben Haskell,R,NY-10,66th,1919-12-31,Elected Kings County judge,U.S. Congress,Other office,NY,1919
Fiorello La Guardia,R,NY-14,66th,1919-12-31,Elected New York City Board of Aldermen president,U.S. Congress,Other office,NY,1919
Joshua Alexander,D,MO-03,66th,1919-12-15,Appointed to Wilson administration,U.S. Congress,Other office,MO,1919
Edwin Webb,D,NC-09,66th,1919-11-10,Appointed federal judge,U.S. Congress,Other office,NC,1919
John F. Fitzgerald,D,MA-10,66th,1919-10-23,His election was successfully contested & overturned,U.S. Congress,Election overturned,MA,1919
Frank Lever,D,SC-07,66th,1919-08-01,Appointed to Federal Farm Loan Board,U.S. Congress,Other office,SC,1919
James Wilson,D,TX-12,65th,1919-03-03,Appointed federal judge,U.S. Congress,Other office,TX,1919
Charles Carlin,D,VA-08,65th,1919-03-03,Returned to his law practice,Washington Post,Private sector,VA,1919
Zebulon Weaver,D,NC-10,65th,1919-03-01,His election was successfully contested & overturned,U.S. Congress,Election overturned,NC,1919
Harry Dale,D,NY-04,65th,1919-01-06,Appointed New York judge,U.S. Congress,Other office,NY,1919
John R.K. Scott,R,PA-AL,65th,1919-01-05,"Unclear, but sounds like he was elected to PA State House",Pennsylvania House of Representatives,Other office,PA,1919
Frederick Mulkey,R,OR-SEN,65th,1918-12-17,Resigned early to give successor seniority (was always meant as a caretaker),Oregon Blue Book,Left early,OR,1918
Carter Glass,D,VA-06,65th,1918-12-16,Appointed to Wilson administration,U.S. Congress,Other office,VA,1918
Irvine Lenroot,R,WI-11,65th,1918-04-17,Elected U.S. senator,U.S. Congress,Other office,WI,1918
Murray Hulbert,D,NY-21,65th,1918-01-01,Appointed director of Port of New York City,U.S. Congress,Other office,NY,1918
John J. Fitzgerald,D,NY-07,65th,1917-12-31,Resumed practicing law,U.S. Congress,Private sector,NY,1917
Daniel Griffin,D,NY-08,65th,1917-12-31,Elected Kings County sheriff,U.S. Congress,Other office,NY,1917
Henry Bruckner,D,NY-22,65th,1917-12-31,Elected Bronx borough president,U.S. Congress,Other office,NY,1917
William Adamson,D,GA-04,65th,1917-12-18,Appointed federal judge,U.S. Congress,Other office,GA,1917
Mark Bacon,R,MI-02,65th,1917-12-13,His election was successfully contested & overturned,U.S. Congress,Election overturned,MI,1917
Augustus Gardner,R,MA-06,65th,1917-05-15,Joined the Army,U.S. Congress,Military service,MA,1917
Orrin Bleakley,R,PA-28,65th,1917-04-03,Convicted of spending too much money on his campaign,PoliticsPA,Other scandals,PA,1917
James Hay,D,VA-07,64th,1916-10-01,Appointed federal judge,New York Times,Other office,VA,1916
William Stephens,R,CA-10,64th,1916-07-22,Appointed California lieutenant governor,U.S. Congress,Other office,CA,1916
Joseph Johnson,D,SC-04,64th,1915-04-19,Appointed federal judge,Find a Grave,Other office,SC,1915
Eugene Kinkead,D,NJ-08,63rd,1915-02-04,"Elected Hudson County sheriff, right to vote in House challenged",Christian Science Monitor,Other office,NJ,1915
Timothy Ansberry,D,OH-05,63rd,1915-01-09,Appointed Ohio judge,U.S. Congress,Other office,OH,1915
Frank Willis,R,OH-08,63rd,1915-01-09,Elected Ohio governor,U.S. Congress,Other office,OH,1915
Winfield Hammond,D,MN-02,63rd,1915-01-06,Elected Minnesota governor,U.S. Congress,Other office,MN,1915
Denis O'Leary,D,NY-02,63rd,1914-12-31,Elected Queens district attorney,New York Times,Other office,NY,1914
Thomas Hardwick,D,GA-10,63rd,1914-11-02,To focus on his run for Senate,U.S. Congress,Other office,GA,1914
Walter McCoy,D,NJ-09,63rd,1914-10-03,Appointed federal judge,U.S. Congress,Other office,NJ,1914
Harry Covington,D,MD-01,63rd,1914-09-30,Appointed federal judge,U.S. Congress,Other office,MD,1914
William Murray,D,MA-10,63rd,1914-09-28,Appointed postmaster of Boston,U.S. Congress,Other office,MA,1914
Andrew Peters,D,MA-11,63rd,1914-08-15,Appointed to Wilson administration,U.S. Congress,Other office,MA,1914
William Sharp,D,OH-14,63rd,1914-07-23,Appointed to Wilson administration,U.S. Congress,Other office,OH,1914
James McDermott,D,IL-04,63rd,1914-07-21,"Implicated in lobbying scandal, resigned to avoid expulsion ",Sacramento Union,Other scandals,IL,1914
L.C. Dyer,R,MO-12,63rd,1914-06-19,His election was successfully contested & overturned,U.S. Congress,Election overturned,MO,1914
Henry Clayton,D,AL-03,63rd,1914-05-25,Appointed federal judge,U.S. Congress,Other office,AL,1914
James Michael Curley,D,MA-12,63rd,1914-02-04,Elected Boston mayor,U.S. Congress,Other office,MA,1914
Francis Harrison,D,NY-20,63rd,1913-09-01,Appointed Philippines governor,U.S. Congress,Other office,NY,1913
John W. Davis,D,WV-01,63rd,1913-08-29,Appointed to Wilson administration,U.S. Congress,Other office,WV,1913
Olin Young,R,MI-12,63rd,1913-05-16,Turned out votes were miscounted & he didn't win election,Congressional Record,Election overturned,MI,1913
Albert Burleson,D,TX-10,63rd,1913-03-06,Appointed to Wilson administration,U.S. Congress,Other office,TX,1913
John Weeks,R,MA-12,62nd,1913-03-04,Elected U.S. senator,U.S. Congress,Other office,MA,1913
Morris Sheppard,D,TX-01,62nd,1913-02-03,Elected U.S. senator,U.S. Congress,Other office,TX,1913
Joe T. Robinson,D,AR-06,62nd,1913-01-14,Elected Arkansas governor,U.S. Congress,Other office,AR,1913
James Cox,D,OH-03,62nd,1913-01-12,Elected Ohio governor,U.S. Congress,Other office,OH,1913
L.B. Hanna,R,ND-AL,62nd,1913-01-07,Elected North Dakota governor,U.S. Congress,Other office,ND,1913
Joseph Bailey,D,TX-SEN,62nd,1913-01-03,Retired; left early in disgust at election of progressive Wilson,"""Joe Bailey, the Last Democrat"" (p. 316)",,TX,1913
Bill Sulzer,D,NY-10,62nd,1912-12-31,Elected New York governor,U.S. Congress,Other office,NY,1912
Charles Bowman,R,PA-11,62nd,1912-12-12,His election was successfully contested & overturned,U.S. Congress,Election overturned,PA,1912
William Hughes,D,NJ-06,62nd,1912-09-27,Appointed New Jersey judge,U.S. Congress,Other office,NJ,1912
Theron Catlin,R,MO-11,62nd,1912-08-12,His election was successfully contested & overturned,U.S. Congress,Election overturned,MO,1912
William Lorimer,R,IL-SEN,62nd,1912-07-13,Election declared invalid,U.S. Senate,Election overturned,IL,1912
Joseph Terrell,D,GA-SEN,62nd,1911-07-14,Had a stroke,University of Georgia,Health/family,GA,1911
Walter Smith,R,IA-09,62nd,1911-03-15,Appointed federal judge,U.S. Congress,Other office,IA,1911
Asle Gronna,R,ND-AL,61st,1911-02-02,Elected U.S. senator,U.S. Congress,Other office,ND,1911
John Reynolds,R,PA-19,61st,1911-01-17,Elected Pennsylvania lieutenant governor,U.S. Congress,Other office,PA,1911
John Tener,R,PA-24,61st,1911-01-16,Elected Pennsylvania governor,U.S. Congress,Other office,PA,1911
Eugene Foss,D,MA-14,61st,1911-01-04,Elected Massachusetts governor,U.S. Congress,Other office,MA,1911
Gordon Russell,D,TX-03,61st,1910-06-14,Appointed federal judge,U.S. Congress,Other office,TX,1910
Fountain Thompson,D,ND-SEN,61st,1910-01-31,Ill health but was suspected to be political maneuvering,Bismarck Tribune,,ND,1910
William Lorimer,R,IL-06,61st,1909-06-17,Elected U.S. senator,U.S. Congress,Other office,IL,1909
Theodore Burton,R,OH-21,60th,1909-03-04,Elected U.S. senator,U.S. Congress,Other office,OH,1909
Philander Knox,R,PA-SEN,60th,1909-03-04,Appointed to Taft administration,U.S. Congress,Other office,PA,1909
William Kitchin,D,NC-05,60th,1909-01-11,Elected North Carolina governor,U.S. Congress,Other office,NC,1909
George Lilley,R,CT-AL,60th,1909-01-06,Seat vacated when he became Connecticut governor,U.S. Congress,Other office,CT,1909
Charles Brumm,R,PA-12,60th,1909-01-04,Elected Pennsylvania judge,U.S. Congress,Other office,PA,1909
Charles Littlefield,R,ME-02,60th,1908-09-30,Returned to his law practice,San Francisco Call,Private sector,ME,1908
John Spooner,R,WI-SEN,60th,1907-04-30,Resumed practicing law,Sacramento Union,Private sector,WI,1907
John Reyburn,R,PA-02,60th,1907-03-31,Elected Philadelphia mayor,U.S. Congress,Other office,PA,1907
William Alden Smith,R,MI-05,59th,1907-02-09,Elected U.S. senator,U.S. Congress,Other office,MI,1907
Charles Curtis,R,KS-01,59th,1907-01-28,Elected U.S. senator,U.S. Congress,Other office,KS,1907
John Little,D,AR-04,59th,1907-01-14,Elected Arkansas governor,U.S. Congress,Other office,AR,1907
Newton Gilbert,R,IN-12,59th,1906-11-06,Appointed federal judge,U.S. Congress,Other office,IN,1906
Malcolm Patterson,D,TN-10,59th,1906-11-05,Elected Tennessee governor,U.S. Congress,Other office,TN,1906
James Gillett,R,CA-01,59th,1906-11-04,Elected California governor,U.S. Congress,Other office,CA,1906
Tim Sullivan,D,NY-08,59th,1906-07-27,Bored with Congress; returned to exercise boss power in NY & run for State Senate in 1908,Brooklyn Daily Eagle,,NY,1906
Ernest Wood,D,MO-12,59th,1906-06-23,His election was successfully contested & overturned,U.S. Congress,Election overturned,MO,1906
Joseph Burton,R,KS-SEN,59th,1906-06-04,Convicted of corruption,U.S. Senate,Other scandals,KS,1906
Claude Swanson,D,VA-05,59th,1906-01-30,Elected Virginia governor,U.S. Congress,Other office,VA,1906
Frank Brandegee,R,CT-03,59th,1905-05-10,Elected U.S. senator,U.S. Congress,Other office,CT,1905
Alston Dayton,R,WV-02,59th,1905-03-16,Appointed federal judge,U.S. Congress,Other office,WV,1905
Elmer Burkett,R,NE-01,58th,1905-03-04,Elected U.S. senator,U.S. Congress,Other office,NE,1905
Charles Fairbanks,R,IN-SEN,58th,1905-03-03,Elected vice president,U.S. Congress,Other office,IN,1905
James Hemenway,R,IN-01,58th,1905-03-03,Elected U.S. senator,U.S. Congress,Other office,IN,1905
Victor Metcalf,R,CA-03,58th,1904-07-01,Appointed to Roosevelt administration,U.S. Congress,Other office,CA,1904
William Lanning,R,NJ-04,58th,1904-06-06,Appointed federal judge,U.S. Congress,Other office,NJ,1904
Charles Dick,R,OH-19,58th,1904-03-23,Elected U.S. senator,U.S. Congress,Other office,OH,1904
John Shafroth,D,CO-01,58th,1904-02-15,Agreed that his opponent had rightfully won the election,U.S. Congress,Election overturned,CO,1904
George Howell,D,PA-11,58th,1904-02-10,His election was successfully contested & overturned,U.S. Congress,Election overturned,PA,1904
George McClellan Jr.,D,NY-12,58th,1903-12-21,Elected New York City mayor,U.S. Congress,Other office,NY,1903
Thomas Ball,D,TX-08,58th,1903-11-16,Resumed practicing law,Texas State Historical Association,Private sector,TX,1903
Joseph Gill,R,OH-16,58th,1903-10-31,Ill health,New York Times,Health/family,OH,1903
Chester Long,R,KS-07,57th,1903-03-04,Elected U.S. senator,U.S. Congress,Other office,KS,1903
Heisler Ball,R,DE-AL,57th,1903-03-03,Elected U.S. senator,U.S. Congress,Other office,DE,1903
James Butler,D,MO-12,57th,1903-02-26,His election was successfully contested & overturned,U.S. Congress,Election overturned,MO,1903
S.W.T. Lanham,D,TX-08,57th,1903-01-15,Elected Texas governor,U.S. Congress,Other office,TX,1903
James Hall,D,PA-28,57th,1902-11-29,Elected to PA State Senate,U.S. Congress,Other office,PA,1902
George Ray,R,NY-26,57th,1902-09-11,Appointed federal judge,U.S. Congress,Other office,NY,1902
James Butler,D,MO-12,57th,1902-06-28,Election declared invalid,U.S. Congress,Election overturned,MO,1902
William Moody,R,MA-06,57th,1902-05-01,Appointed to Roosevelt administration,U.S. Congress,Other office,MA,1902
John Rhea,D,KY-03,57th,1902-03-25,His election was successfully contested & overturned,U.S. Congress,Election overturned,KY,1902
Nicholas Muller,D,NY-07,57th,1901-11-22,Ill health,New York Times,Health/family,NY,1901
